area_id,name,description,created_at,updated_at
1,"Chennai North Industrial Zone","Industrial area with factories and warehouses.","2025-10-12 10:00:00","2025-10-12 10:00:00"
2,"Chennai South Residential Sector","Residential area with housing complexes and schools.","2025-10-12 10:05:00","2025-10-12 10:05:00"
3,"Chennai Central Business District","Commercial hub with offices, malls, and corporate buildings.","2025-10-12 10:10:00","2025-10-12 10:10:00"
4,"Chennai Marina Coastal Area","Coastal zone used for tourism and leisure activities.","2025-10-12 10:15:00","2025-10-12 10:15:00"
5,"Chennai IT Park","Technology park with IT companies and startups.","2025-10-12 10:20:00","2025-10-12 10:20:00"
6,"Chennai Greenfield Zone","Newly developed eco-friendly and agricultural area.","2025-10-12 10:25:00","2025-10-12 10:25:00"
7,"Chennai Old Town","Historic region with heritage buildings and cultural sites.","2025-10-12 10:30:00","2025-10-12 10:30:00"
8,"Chennai Harbor Side","Maritime area with port and shipping activities.","2025-10-12 10:35:00","2025-10-12 10:35:00"
9,"Chennai University Enclave","Educational hub with universities and hostels.","2025-10-12 10:40:00","2025-10-12 10:40:00"
10,"Chennai Airport Zone","Region surrounding airport with logistics and transport.","2025-10-12 10:45:00","2025-10-12 10:45:00"
11,"Kolkata Central Business District","Major commercial hub in Kolkata city center.","2025-10-12 10:50:00","2025-10-12 10:50:00"
12,"Kolkata Howrah Industrial Zone","Industrial factories and warehouses near Howrah.","2025-10-12 10:55:00","2025-10-12 10:55:00"
13,"Kolkata Salt Lake Sector V","IT park and tech company area.","2025-10-12 11:00:00","2025-10-12 11:00:00"
14,"Kolkata Park Street Commercial Area","Popular shopping and entertainment street.","2025-10-12 11:05:00","2025-10-12 11:05:00"
15,"Kolkata North Residential Zone","Residential area with schools and parks.","2025-10-12 11:10:00","2025-10-12 11:10:00"
16,"Kolkata South Residential Zone","Suburban residential neighborhood.","2025-10-12 11:15:00","2025-10-12 11:15:00"
17,"Kolkata Esplanade","Historic and commercial central area.","2025-10-12 11:20:00","2025-10-12 11:20:00"
18,"Kolkata Riverside Industrial Area","Industrial zone near river for transport and shipping.","2025-10-12 11:25:00","2025-10-12 11:25:00"
19,"Kolkata University Campus","Educational area with colleges and hostels.","2025-10-12 11:30:00","2025-10-12 11:30:00"
20,"Kolkata Airport Vicinity","Logistics and transport near airport.","2025-10-12 11:35:00","2025-10-12 11:35:00"
21,"Delhi Connaught Place","Commercial and business hub of Delhi.","2025-10-12 11:40:00","2025-10-12 11:40:00"
22,"Delhi Dwarka Residential Area","Residential neighborhood with schools and markets.","2025-10-12 11:45:00","2025-10-12 11:45:00"
23,"Delhi Rohini Industrial Area","Industrial factories and warehouses.","2025-10-12 11:50:00","2025-10-12 11:50:00"
24,"Delhi South Extension","Commercial and shopping hub.","2025-10-12 11:55:00","2025-10-12 11:55:00"
25,"Delhi IT Park","Technology companies and software offices.","2025-10-12 12:00:00","2025-10-12 12:00:00"
26,"Delhi Green Belt","Eco-friendly and recreational area.","2025-10-12 12:05:00","2025-10-12 12:05:00"
27,"Delhi Old Fort Zone","Historic region with monuments and museums.","2025-10-12 12:10:00","2025-10-12 12:10:00"
28,"Delhi Airport Zone","Logistics and transport near IGI Airport.","2025-10-12 12:15:00","2025-10-12 12:15:00"
29,"Delhi University Enclave","Educational area with colleges and hostels.","2025-10-12 12:20:00","2025-10-12 12:20:00"
30,"Delhi North Market Zone","Traditional market area.","2025-10-12 12:25:00","2025-10-12 12:25:00"
31,"Mumbai Bandra Commercial Hub","Shopping, offices, and entertainment area.","2025-10-12 12:30:00","2025-10-12 12:30:00"
32,"Mumbai Andheri Industrial Area","Factories and warehouses in Andheri.","2025-10-12 12:35:00","2025-10-12 12:35:00"
33,"Mumbai South Residential Area","Housing complexes and schools.","2025-10-12 12:40:00","2025-10-12 12:40:00"
34,"Mumbai Juhu Beach Area","Coastal area with tourism and leisure activities.","2025-10-12 12:45:00","2025-10-12 12:45:00"
35,"Mumbai IT Park","Technology and software company area.","2025-10-12 12:50:00","2025-10-12 12:50:00"
36,"Mumbai Greenfield Zone","Newly developed residential and commercial area.","2025-10-12 12:55:00","2025-10-12 12:55:00"
37,"Mumbai Old Town","Historic and cultural heritage region.","2025-10-12 13:00:00","2025-10-12 13:00:00"
38,"Mumbai Harbor Side","Port and shipping zone.","2025-10-12 13:05:00","2025-10-12 13:05:00"
39,"Mumbai University Campus","Educational hub with colleges and hostels.","2025-10-12 13:10:00","2025-10-12 13:10:00"
40,"Mumbai Airport Vicinity","Region surrounding airport with logistics.","2025-10-12 13:15:00","2025-10-12 13:15:00"
41,"Bangalore Whitefield IT Park","IT and tech-focused area with offices.","2025-10-12 13:20:00","2025-10-12 13:20:00"
42,"Bangalore Electronic City","Technology hub with software companies.","2025-10-12 13:25:00","2025-10-12 13:25:00"
43,"Bangalore South Residential Area","Housing and apartment complexes.","2025-10-12 13:30:00","2025-10-12 13:30:00"
44,"Bangalore North Industrial Zone","Factories and industrial units.","2025-10-12 13:35:00","2025-10-12 13:35:00"
45,"Bangalore Green Belt","Eco-friendly and recreational area.","2025-10-12 13:40:00","2025-10-12 13:40:00"
46,"Bangalore Old Town","Historic city center with heritage buildings.","2025-10-12 13:45:00","2025-10-12 13:45:00"
47,"Bangalore University Campus","Educational area with colleges and hostels.","2025-10-12 13:50:00","2025-10-12 13:50:00"
48,"Bangalore Airport Zone","Logistics and transport near airport.","2025-10-12 13:55:00","2025-10-12 13:55:00"
49,"Bangalore Commercial Street","Shopping and business hub.","2025-10-12 14:00:00","2025-10-12 14:00:00"
50,"Bangalore Riverside","Riverfront recreational and leisure zone.","2025-10-12 14:05:00","2025-10-12 14:05:00"
51,Chennai,"Coastal city in Tamil Nadu","2025-10-12 23:52:06","2025-10-12 23:52:06"
52,Kolkata,"Eastern metropolis in West Bengal","2025-10-12 23:52:06","2025-10-12 23:52:06"
53,Mumbai,"Financial capital of India","2025-10-12 23:52:06","2025-10-12 23:52:06"
54,Delhi,"Capital territory of India","2025-10-12 23:52:06","2025-10-12 23:52:06"
55,Bengaluru,"IT hub of Karnataka","2025-10-12 23:52:06","2025-10-12 23:52:06"
56,Hyderabad,"City of pearls in Telangana","2025-10-12 23:52:06","2025-10-12 23:52:06"
57,Pune,"Cultural and educational hub in Maharashtra","2025-10-12 23:52:06","2025-10-12 23:52:06"
58,Ahmedabad,"Largest city in Gujarat","2025-10-12 23:52:06","2025-10-12 23:52:06"
59,Jaipur,"Pink City of Rajasthan","2025-10-12 23:52:06","2025-10-12 23:52:06"
60,Lucknow,"Capital city of Uttar Pradesh","2025-10-12 23:52:06","2025-10-12 23:52:06"
61,Kochi,"Port city in Kerala","2025-10-12 23:52:06","2025-10-12 23:52:06"
62,Visakhapatnam,"Industrial port city in Andhra Pradesh","2025-10-12 23:52:06","2025-10-12 23:52:06"
63,Surat,"Diamond and textile hub in Gujarat","2025-10-12 23:52:06","2025-10-12 23:52:06"
64,Indore,"Commercial capital of Madhya Pradesh","2025-10-12 23:52:06","2025-10-12 23:52:06"
65,Nagpur,"Orange city of Maharashtra","2025-10-12 23:52:06","2025-10-12 23:52:06"
66,Coimbatore,"Textile and engineering hub in Tamil Nadu","2025-10-12 23:52:06","2025-10-12 23:52:06"
67,Thiruvananthapuram,"Capital of Kerala","2025-10-12 23:52:06","2025-10-12 23:52:06"
68,Bhopal,"City of lakes in Madhya Pradesh","2025-10-12 23:52:06","2025-10-12 23:52:06"
69,Chandigarh,"Planned city and union territory","2025-10-12 23:52:06","2025-10-12 23:52:06"
70,Patna,"Capital of Bihar","2025-10-12 23:52:06","2025-10-12 23:52:06"
71,Varanasi,"Spiritual city on the Ganges","2025-10-12 23:52:06","2025-10-12 23:52:06"
72,Amritsar,"City of Golden Temple in Punjab","2025-10-12 23:52:06","2025-10-12 23:52:06"
73,Raipur,"Capital of Chhattisgarh","2025-10-12 23:52:06","2025-10-12 23:52:06"
74,Ranchi,"Capital of Jharkhand","2025-10-12 23:52:06","2025-10-12 23:52:06"
75,Dehradun,"Capital of Uttarakhand","2025-10-12 23:52:06","2025-10-12 23:52:06"
76,Guwahati,"Largest city in Assam","2025-10-12 23:52:06","2025-10-12 23:52:06"
77,Jodhpur,"Blue city of Rajasthan","2025-10-12 23:52:06","2025-10-12 23:52:06"
78,Udaipur,"City of lakes in Rajasthan","2025-10-12 23:52:06","2025-10-12 23:52:06"
79,Mysuru,"Cultural city in Karnataka","2025-10-12 23:52:06","2025-10-12 23:52:06"
80,Aurangabad,"Historical city in Maharashtra","2025-10-12 23:52:06","2025-10-12 23:52:06"
81,Agra,"City of the Taj Mahal in Uttar Pradesh","2025-10-12 23:52:06","2025-10-12 23:52:06"
82,Jabalpur,"City of marble rocks in Madhya Pradesh","2025-10-12 23:52:06","2025-10-12 23:52:06"
83,Bhavnagar,"Coastal city in Gujarat","2025-10-12 23:52:06","2025-10-12 23:52:06"
84,Kolhapur,"Historical city in Maharashtra","2025-10-12 23:52:06","2025-10-12 23:52:06"
85,Tiruchirappalli,"Central city in Tamil Nadu","2025-10-12 23:52:06","2025-10-12 23:52:06"
86,Vijayawada,"City in Andhra Pradesh","2025-10-12 23:52:06","2025-10-12 23:52:06"
87,Solapur,"Textile city in Maharashtra","2025-10-12 23:52:06","2025-10-12 23:52:06"
88,Hubli,"Twin city with Dharwad in Karnataka","2025-10-12 23:52:06","2025-10-12 23:52:06"
89,Belgaum,"Border city in Karnataka","2025-10-12 23:52:06","2025-10-12 23:52:06"
90,Rajkot,"Industrial city in Gujarat","2025-10-12 23:52:06","2025-10-12 23:52:06"
91,Gwalior,"Historical city in Madhya Pradesh","2025-10-12 23:52:06","2025-10-12 23:52:06"
92,Shillong,"Capital of Meghalaya","2025-10-12 23:52:06","2025-10-12 23:52:06"
93,Imphal,"Capital of Manipur","2025-10-12 23:52:06","2025-10-12 23:52:06"
94,Kohima,"Capital of Nagaland","2025-10-12 23:52:06","2025-10-12 23:52:06"
95,Itanagar,"Capital of Arunachal Pradesh","2025-10-12 23:52:06","2025-10-12 23:52:06"
96,Gangtok,"Capital of Sikkim","2025-10-12 23:52:06","2025-10-12 23:52:06"
97,Shimla,"Capital of Himachal Pradesh","2025-10-12 23:52:06","2025-10-12 23:52:06"
98,Panaji,"Capital of Goa","2025-10-12 23:52:06","2025-10-12 23:52:06"
99,Pondicherry,"Union territory with French influence","2025-10-12 23:52:06","2025-10-12 23:52:06"
100,Raigarh,"Industrial city in Chhattisgarh","2025-10-12 23:52:06","2025-10-12 23:52:06"
101,Chennai,"Coastal city in Tamil Nadu","2025-10-12 23:53:30","2025-10-12 23:53:30"
102,Kolkata,"Eastern metropolis in West Bengal","2025-10-12 23:53:30","2025-10-12 23:53:30"
103,Mumbai,"Financial capital of India","2025-10-12 23:53:30","2025-10-12 23:53:30"
104,Delhi,"Capital territory of India","2025-10-12 23:53:30","2025-10-12 23:53:30"
105,Bengaluru,"IT hub of Karnataka","2025-10-12 23:53:30","2025-10-12 23:53:30"
106,Hyderabad,"City of pearls in Telangana","2025-10-12 23:53:30","2025-10-12 23:53:30"
107,Pune,"Cultural and educational hub in Maharashtra","2025-10-12 23:53:30","2025-10-12 23:53:30"
108,Ahmedabad,"Largest city in Gujarat","2025-10-12 23:53:30","2025-10-12 23:53:30"
109,Jaipur,"Pink City of Rajasthan","2025-10-12 23:53:30","2025-10-12 23:53:30"
110,Lucknow,"Capital city of Uttar Pradesh","2025-10-12 23:53:30","2025-10-12 23:53:30"
111,Kochi,"Port city in Kerala","2025-10-12 23:53:30","2025-10-12 23:53:30"
112,Visakhapatnam,"Industrial port city in Andhra Pradesh","2025-10-12 23:53:30","2025-10-12 23:53:30"
113,Surat,"Diamond and textile hub in Gujarat","2025-10-12 23:53:30","2025-10-12 23:53:30"
114,Indore,"Commercial capital of Madhya Pradesh","2025-10-12 23:53:30","2025-10-12 23:53:30"
115,Nagpur,"Orange city of Maharashtra","2025-10-12 23:53:30","2025-10-12 23:53:30"
116,Coimbatore,"Textile and engineering hub in Tamil Nadu","2025-10-12 23:53:30","2025-10-12 23:53:30"
117,Thiruvananthapuram,"Capital of Kerala","2025-10-12 23:53:30","2025-10-12 23:53:30"
118,Bhopal,"City of lakes in Madhya Pradesh","2025-10-12 23:53:30","2025-10-12 23:53:30"
119,Chandigarh,"Planned city and union territory","2025-10-12 23:53:30","2025-10-12 23:53:30"
120,Patna,"Capital of Bihar","2025-10-12 23:53:30","2025-10-12 23:53:30"
121,Varanasi,"Spiritual city on the Ganges","2025-10-12 23:53:30","2025-10-12 23:53:30"
122,Amritsar,"City of Golden Temple in Punjab","2025-10-12 23:53:30","2025-10-12 23:53:30"
123,Raipur,"Capital of Chhattisgarh","2025-10-12 23:53:30","2025-10-12 23:53:30"
124,Ranchi,"Capital of Jharkhand","2025-10-12 23:53:30","2025-10-12 23:53:30"
125,Dehradun,"Capital of Uttarakhand","2025-10-12 23:53:30","2025-10-12 23:53:30"
126,Guwahati,"Largest city in Assam","2025-10-12 23:53:30","2025-10-12 23:53:30"
127,Jodhpur,"Blue city of Rajasthan","2025-10-12 23:53:30","2025-10-12 23:53:30"
128,Udaipur,"City of lakes in Rajasthan","2025-10-12 23:53:30","2025-10-12 23:53:30"
129,Mysuru,"Cultural city in Karnataka","2025-10-12 23:53:30","2025-10-12 23:53:30"
130,Aurangabad,"Historical city in Maharashtra","2025-10-12 23:53:30","2025-10-12 23:53:30"
131,Agra,"City of the Taj Mahal in Uttar Pradesh","2025-10-12 23:53:30","2025-10-12 23:53:30"
132,Jabalpur,"City of marble rocks in Madhya Pradesh","2025-10-12 23:53:30","2025-10-12 23:53:30"
133,Bhavnagar,"Coastal city in Gujarat","2025-10-12 23:53:30","2025-10-12 23:53:30"
134,Kolhapur,"Historical city in Maharashtra","2025-10-12 23:53:30","2025-10-12 23:53:30"
135,Tiruchirappalli,"Central city in Tamil Nadu","2025-10-12 23:53:30","2025-10-12 23:53:30"
136,Vijayawada,"City in Andhra Pradesh","2025-10-12 23:53:30","2025-10-12 23:53:30"
137,Solapur,"Textile city in Maharashtra","2025-10-12 23:53:30","2025-10-12 23:53:30"
138,Hubli,"Twin city with Dharwad in Karnataka","2025-10-12 23:53:30","2025-10-12 23:53:30"
139,Belgaum,"Border city in Karnataka","2025-10-12 23:53:30","2025-10-12 23:53:30"
140,Rajkot,"Industrial city in Gujarat","2025-10-12 23:53:30","2025-10-12 23:53:30"
141,Gwalior,"Historical city in Madhya Pradesh","2025-10-12 23:53:30","2025-10-12 23:53:30"
142,Shillong,"Capital of Meghalaya","2025-10-12 23:53:30","2025-10-12 23:53:30"
143,Imphal,"Capital of Manipur","2025-10-12 23:53:30","2025-10-12 23:53:30"
144,Kohima,"Capital of Nagaland","2025-10-12 23:53:30","2025-10-12 23:53:30"
145,Itanagar,"Capital of Arunachal Pradesh","2025-10-12 23:53:30","2025-10-12 23:53:30"
146,Gangtok,"Capital of Sikkim","2025-10-12 23:53:30","2025-10-12 23:53:30"
147,Shimla,"Capital of Himachal Pradesh","2025-10-12 23:53:30","2025-10-12 23:53:30"
148,Panaji,"Capital of Goa","2025-10-12 23:53:30","2025-10-12 23:53:30"
149,Pondicherry,"Union territory with French influence","2025-10-12 23:53:30","2025-10-12 23:53:30"
150,Raigarh,"Industrial city in Chhattisgarh","2025-10-12 23:53:30","2025-10-12 23:53:30"
151,Tirupati,"Temple city in Andhra Pradesh","2025-10-12 23:53:30","2025-10-12 23:53:30"
152,Mangalore,"Coastal city in Karnataka","2025-10-12 23:53:30","2025-10-12 23:53:30"
153,Dharwad,"Twin city with Hubli in Karnataka","2025-10-12 23:53:30","2025-10-12 23:53:30"
154,Kurnool,"City in Andhra Pradesh","2025-10-12 23:53:30","2025-10-12 23:53:30"
155,Jamshedpur,"Industrial city in Jharkhand","2025-10-12 23:53:30","2025-10-12 23:53:30"
156,Rourkela,"Steel city in Odisha","2025-10-12 23:53:30","2025-10-12 23:53:30"
157,Bhubaneswar,"Capital of Odisha","2025-10-12 23:53:30","2025-10-12 23:53:30"
158,Cuttack,"Historical city in Odisha","2025-10-12 23:53:30","2025-10-12 23:53:30"
159,Srinagar,"Summer capital of Jammu & Kashmir","2025-10-12 23:53:30","2025-10-12 23:53:30"
160,Jammu,"Winter capital of Jammu & Kashmir","2025-10-12 23:53:30","2025-10-12 23:53:30"
161,Leh,"Tourist town in Ladakh","2025-10-12 23:53:30","2025-10-12 23:53:30"
162,Kargil,"Town in Ladakh","2025-10-12 23:53:30","2025-10-12 23:53:30"
163,"Nagaland Town","Miscellaneous city in Nagaland","2025-10-12 23:53:30","2025-10-12 23:53:30"
164,Dimapur,"Largest city in Nagaland","2025-10-12 23:53:30","2025-10-12 23:53:30"
165,"Mizoram City","City in Mizoram","2025-10-12 23:53:30","2025-10-12 23:53:30"
166,Aizawl,"Capital of Mizoram","2025-10-12 23:53:30","2025-10-12 23:53:30"
167,"Kohima East","Area in Kohima","2025-10-12 23:53:30","2025-10-12 23:53:30"
168,"Shillong East","Area in Shillong","2025-10-12 23:53:30","2025-10-12 23:53:30"
169,"Gangtok East","Area in Gangtok","2025-10-12 23:53:30","2025-10-12 23:53:30"
170,"Shimla East","Area in Shimla","2025-10-12 23:53:30","2025-10-12 23:53:30"
171,"Panaji East","Area in Panaji","2025-10-12 23:53:30","2025-10-12 23:53:30"
172,"Pondicherry East","Area in Pondicherry","2025-10-12 23:53:30","2025-10-12 23:53:30"
173,"Raigarh East","Area in Raigarh","2025-10-12 23:53:30","2025-10-12 23:53:30"
174,Vellore,"City in Tamil Nadu","2025-10-12 23:53:30","2025-10-12 23:53:30"
175,Salem,"City in Tamil Nadu","2025-10-12 23:53:30","2025-10-12 23:53:30"
176,Tirunelveli,"City in Tamil Nadu","2025-10-12 23:53:30","2025-10-12 23:53:30"
177,Erode,"City in Tamil Nadu","2025-10-12 23:53:30","2025-10-12 23:53:30"
178,Nellore,"City in Andhra Pradesh","2025-10-12 23:53:30","2025-10-12 23:53:30"
179,Eluru,"City in Andhra Pradesh","2025-10-12 23:53:30","2025-10-12 23:53:30"
180,Tadepalligudem,"City in Andhra Pradesh","2025-10-12 23:53:30","2025-10-12 23:53:30"
181,Guntur,"City in Andhra Pradesh","2025-10-12 23:53:30","2025-10-12 23:53:30"
182,Tenali,"City in Andhra Pradesh","2025-10-12 23:53:30","2025-10-12 23:53:30"
183,Chittoor,"City in Andhra Pradesh","2025-10-12 23:53:30","2025-10-12 23:53:30"
184,Kadapa,"City in Andhra Pradesh","2025-10-12 23:53:30","2025-10-12 23:53:30"
185,Kakinada,"City in Andhra Pradesh","2025-10-12 23:53:30","2025-10-12 23:53:30"
186,Rajahmundry,"City in Andhra Pradesh","2025-10-12 23:53:30","2025-10-12 23:53:30"
187,Vizianagaram,"City in Andhra Pradesh","2025-10-12 23:53:30","2025-10-12 23:53:30"
188,Anantapur,"City in Andhra Pradesh","2025-10-12 23:53:30","2025-10-12 23:53:30"
189,Nandyal,"City in Andhra Pradesh","2025-10-12 23:53:30","2025-10-12 23:53:30"
190,Srikakulam,"City in Andhra Pradesh","2025-10-12 23:53:30","2025-10-12 23:53:30"
191,Bellary,"City in Karnataka","2025-10-12 23:53:30","2025-10-12 23:53:30"
192,Bidar,"City in Karnataka","2025-10-12 23:53:30","2025-10-12 23:53:30"
193,Raichur,"City in Karnataka","2025-10-12 23:53:30","2025-10-12 23:53:30"
194,Shimoga,"City in Karnataka","2025-10-12 23:53:30","2025-10-12 23:53:30"
195,Davangere,"City in Karnataka","2025-10-12 23:53:30","2025-10-12 23:53:30"
196,Hassan,"City in Karnataka","2025-10-12 23:53:30","2025-10-12 23:53:30"
197,Mandya,"City in Karnataka","2025-10-12 23:53:30","2025-10-12 23:53:30"
198,"Mysore East","Area in Mysore","2025-10-12 23:53:30","2025-10-12 23:53:30"
199,Udupi,"City in Karnataka","2025-10-12 23:53:30","2025-10-12 23:53:30"
200,Bagalkot,"City in Karnataka","2025-10-12 23:53:30","2025-10-12 23:53:30"
201,"Dharwad East","Area in Dharwad","2025-10-12 23:53:30","2025-10-12 23:53:30"
202,Kozhikode,"City in Kerala","2025-10-12 23:53:30","2025-10-12 23:53:30"
203,Thrissur,"City in Kerala","2025-10-12 23:53:30","2025-10-12 23:53:30"
204,Alappuzha,"City in Kerala","2025-10-12 23:53:30","2025-10-12 23:53:30"
205,Palakkad,"City in Kerala","2025-10-12 23:53:30","2025-10-12 23:53:30"
206,Kannur,"City in Kerala","2025-10-12 23:53:30","2025-10-12 23:53:30"
207,Kollam,"City in Kerala","2025-10-12 23:53:30","2025-10-12 23:53:30"
208,Malappuram,"City in Kerala","2025-10-12 23:53:30","2025-10-12 23:53:30"
209,Wayanad,"District in Kerala","2025-10-12 23:53:30","2025-10-12 23:53:30"
210,Idukki,"District in Kerala","2025-10-12 23:53:30","2025-10-12 23:53:30"
211,Ernakulam,"District in Kerala","2025-10-12 23:53:30","2025-10-12 23:53:30"
212,Pathanamthitta,"District in Kerala","2025-10-12 23:53:30","2025-10-12 23:53:30"
213,Kottayam,"District in Kerala","2025-10-12 23:53:30","2025-10-12 23:53:30"
214,Thiruvalla,"Town in Kerala","2025-10-12 23:53:30","2025-10-12 23:53:30"
215,Varkala,"Town in Kerala","2025-10-12 23:53:30","2025-10-12 23:53:30"
216,Punalur,"Town in Kerala","2025-10-12 23:53:30","2025-10-12 23:53:30"
217,Kayamkulam,"Town in Kerala","2025-10-12 23:53:30","2025-10-12 23:53:30"
218,Nagercoil,"Town in Tamil Nadu","2025-10-12 23:53:30","2025-10-12 23:53:30"
219,Kanyakumari,"Southernmost tip of India","2025-10-12 23:53:30","2025-10-12 23:53:30"
220,Rameshwaram,"Island city in Tamil Nadu","2025-10-12 23:53:30","2025-10-12 23:53:30"
221,Dhanushkodi,"Town in Tamil Nadu","2025-10-12 23:53:30","2025-10-12 23:53:30"
222,Tanjore,"Historical city in Tamil Nadu","2025-10-12 23:53:30","2025-10-12 23:53:30"
223,Nagapattinam,"Coastal city in Tamil Nadu","2025-10-12 23:53:30","2025-10-12 23:53:30"
224,Pudukkottai,"City in Tamil Nadu","2025-10-12 23:53:30","2025-10-12 23:53:30"
225,Karur,"City in Tamil Nadu","2025-10-12 23:53:30","2025-10-12 23:53:30"
226,Namakkal,"City in Tamil Nadu","2025-10-12 23:53:30","2025-10-12 23:53:30"
227,"Erode East","Area in Erode","2025-10-12 23:53:30","2025-10-12 23:53:30"
228,"Salem East","Area in Salem","2025-10-12 23:53:30","2025-10-12 23:53:30"
229,"Vellore East","Area in Vellore","2025-10-12 23:53:30","2025-10-12 23:53:30"
230,Tiruvannamalai,"City in Tamil Nadu","2025-10-12 23:53:30","2025-10-12 23:53:30"
231,Villupuram,"City in Tamil Nadu","2025-10-12 23:53:30","2025-10-12 23:53:30"
232,Chennai,"Capital city of Tamil Nadu, major urban area.","2025-10-13 00:10:20","2025-10-13 00:10:20"
233,Mumbai,"Financial capital of India, densely populated.","2025-10-13 00:10:20","2025-10-13 00:10:20"
234,Delhi,"National capital, known for historical monuments.","2025-10-13 00:10:20","2025-10-13 00:10:20"
235,Kolkata,"Cultural hub in eastern India, major port city.","2025-10-13 00:10:20","2025-10-13 00:10:20"
236,Bangalore,"IT hub, cosmopolitan city in Karnataka.","2025-10-13 00:10:20","2025-10-13 00:10:20"
237,Hyderabad,"Historic city with IT and industrial presence.","2025-10-13 00:10:20","2025-10-13 00:10:20"
238,Pune,"Educational and industrial hub in Maharashtra.","2025-10-13 00:10:20","2025-10-13 00:10:20"
239,Ahmedabad,"Largest city in Gujarat, known for textile industry.","2025-10-13 00:10:20","2025-10-13 00:10:20"
240,Jaipur,"Pink city of India, popular tourist destination.","2025-10-13 00:10:20","2025-10-13 00:10:20"
241,Lucknow,"Capital of Uttar Pradesh, rich in culture and heritage.","2025-10-13 00:10:20","2025-10-13 00:10:20"
242,Kanpur,"Industrial city in Uttar Pradesh, major leather industry.","2025-10-13 00:10:20","2025-10-13 00:10:20"
243,Nagpur,"Orange city, major commercial center in Maharashtra.","2025-10-13 00:10:20","2025-10-13 00:10:20"
244,Indore,"Largest city in Madhya Pradesh, commercial hub.","2025-10-13 00:10:20","2025-10-13 00:10:20"
245,Bhopal,"Capital of Madhya Pradesh, known for lakes and greenery.","2025-10-13 00:10:20","2025-10-13 00:10:20"
246,Patna,"Capital of Bihar, historically significant city.","2025-10-13 00:10:20","2025-10-13 00:10:20"
247,Surat,"Major diamond and textile industry center in Gujarat.","2025-10-13 00:10:20","2025-10-13 00:10:20"
248,Vadodara,"Cultural and industrial city in Gujarat.","2025-10-13 00:10:20","2025-10-13 00:10:20"
249,Thane,"City near Mumbai, heavily urbanized region.","2025-10-13 00:10:20","2025-10-13 00:10:20"
250,Nashik,"Wine capital of India, also religiously significant.","2025-10-13 00:10:20","2025-10-13 00:10:20"
251,Gurgaon,"Modern city near Delhi, major IT and business hub.","2025-10-13 00:10:20","2025-10-13 00:10:20"
252,Noida,"Planned city near Delhi, IT and industrial zones.","2025-10-13 00:10:20","2025-10-13 00:10:20"
253,Faridabad,"Industrial city in Haryana, near Delhi NCR.","2025-10-13 00:10:20","2025-10-13 00:10:20"
254,Ghaziabad,"Industrial and residential city in NCR.","2025-10-13 00:10:20","2025-10-13 00:10:20"
255,Agra,"City of Taj Mahal, tourism and historical significance.","2025-10-13 00:10:20","2025-10-13 00:10:20"
256,Varanasi,"Ancient city, religious and cultural center.","2025-10-13 00:10:20","2025-10-13 00:10:20"
257,Amritsar,"City in Punjab, home to Golden Temple.","2025-10-13 00:10:20","2025-10-13 00:10:20"
258,Ludhiana,"Industrial hub of Punjab, known for textiles.","2025-10-13 00:10:20","2025-10-13 00:10:20"
259,Jalandhar,"City in Punjab, sports goods industry hub.","2025-10-13 00:10:20","2025-10-13 00:10:20"
260,Patiala,"Historical city in Punjab with rich heritage.","2025-10-13 00:10:20","2025-10-13 00:10:20"
261,Chandigarh,"Union Territory, capital of Punjab and Haryana.","2025-10-13 00:10:20","2025-10-13 00:10:20"
262,Dehradun,"Capital of Uttarakhand, surrounded by hills.","2025-10-13 00:10:20","2025-10-13 00:10:20"
263,Rishikesh,"Yoga and spiritual center in Uttarakhand.","2025-10-13 00:10:20","2025-10-13 00:10:20"
264,Haridwar,"Sacred city along the Ganges river.","2025-10-13 00:10:20","2025-10-13 00:10:20"
265,Shimla,"Hill station, capital of Himachal Pradesh.","2025-10-13 00:10:20","2025-10-13 00:10:20"
266,Manali,"Popular hill station in Himachal Pradesh.","2025-10-13 00:10:20","2025-10-13 00:10:20"
267,Dharamshala,"Himachal Pradesh city, home to Dalai Lama.","2025-10-13 00:10:20","2025-10-13 00:10:20"
268,Srinagar,"Summer capital of Jammu & Kashmir, famous for lakes.","2025-10-13 00:10:20","2025-10-13 00:10:20"
269,Jammu,"Winter capital of Jammu & Kashmir.","2025-10-13 00:10:20","2025-10-13 00:10:20"
270,Leh,"High-altitude town in Ladakh, tourism hub.","2025-10-13 00:10:20","2025-10-13 00:10:20"
271,Kochi,"Port city in Kerala, commercial hub.","2025-10-13 00:10:20","2025-10-13 00:10:20"
272,Thiruvananthapuram,"Capital of Kerala, IT and administrative hub.","2025-10-13 00:10:20","2025-10-13 00:10:20"
273,Kozhikode,"Coastal city in Kerala, historical trade center.","2025-10-13 00:10:20","2025-10-13 00:10:20"
274,Mangalore,"Port city in Karnataka, coastal region.","2025-10-13 00:10:20","2025-10-13 00:10:20"
275,Belgaum,"Industrial and agricultural city in Karnataka.","2025-10-13 00:10:20","2025-10-13 00:10:20"
276,Mysore,"Historical city in Karnataka, tourism and culture.","2025-10-13 00:10:20","2025-10-13 00:10:20"
277,Hubli,"Commercial hub in Karnataka.","2025-10-13 00:10:20","2025-10-13 00:10:20"
278,Vijayawada,"Commercial city in Andhra Pradesh.","2025-10-13 00:10:20","2025-10-13 00:10:20"
279,Visakhapatnam,"Port city in Andhra Pradesh, industrial center.","2025-10-13 00:10:20","2025-10-13 00:10:20"
280,Guntur,"Agricultural and educational city in Andhra Pradesh.","2025-10-13 00:10:20","2025-10-13 00:10:20"
281,Tirupati,"Pilgrimage city in Andhra Pradesh.","2025-10-13 00:10:20","2025-10-13 00:10:20"
282,Rajahmundry,"City along Godavari river in Andhra Pradesh.","2025-10-13 00:10:20","2025-10-13 00:10:20"
283,Kakinada,"Port city and industrial hub in Andhra Pradesh.","2025-10-13 00:10:20","2025-10-13 00:10:20"
284,"Patna Sahib","Pilgrimage city in Bihar, religious significance.","2025-10-13 00:10:20","2025-10-13 00:10:20"
285,Muzaffarpur,"Agricultural city in Bihar.","2025-10-13 00:10:20","2025-10-13 00:10:20"
286,Bhagalpur,"Silk city in Bihar, historical significance.","2025-10-13 00:10:20","2025-10-13 00:10:20"
287,Gaya,"Religious and historical city in Bihar.","2025-10-13 00:10:20","2025-10-13 00:10:20"
288,Darbhanga,"Cultural hub in Bihar.","2025-10-13 00:10:20","2025-10-13 00:10:20"
289,Bhubaneswar,"Capital of Odisha, IT and tourism hub.","2025-10-13 00:10:20","2025-10-13 00:10:20"
290,Cuttack,"Old capital of Odisha, commercial city.","2025-10-13 00:10:20","2025-10-13 00:10:20"
291,Rourkela,"Industrial city in Odisha.","2025-10-13 00:10:20","2025-10-13 00:10:20"
292,Sambalpur,"City in Odisha, known for textiles and rivers.","2025-10-13 00:10:20","2025-10-13 00:10:20"
293,Puri,"Pilgrimage city in Odisha, Jagannath temple.","2025-10-13 00:10:20","2025-10-13 00:10:20"
294,Sambalpur,"Major city in Odisha, known for textiles.","2025-10-13 00:10:20","2025-10-13 00:10:20"
295,Raipur,"Capital of Chhattisgarh, industrial hub.","2025-10-13 00:10:20","2025-10-13 00:10:20"
296,Bilaspur,"City in Chhattisgarh, administrative and industrial hub.","2025-10-13 00:10:20","2025-10-13 00:10:20"
297,Durg,"Industrial city near Bhilai, Chhattisgarh.","2025-10-13 00:10:20","2025-10-13 00:10:20"
298,Bhilai,"Steel city of Chhattisgarh, industrial center.","2025-10-13 00:10:20","2025-10-13 00:10:20"
299,Rajnandgaon,"City in Chhattisgarh, agriculture and commerce.","2025-10-13 00:10:20","2025-10-13 00:10:20"
300,Jabalpur,"City in Madhya Pradesh, known for marble rocks.","2025-10-13 00:10:20","2025-10-13 00:10:20"
301,Gwalior,"Historical city in Madhya Pradesh.","2025-10-13 00:10:20","2025-10-13 00:10:20"
302,Ujjain,"Religious city in Madhya Pradesh, Mahakaleshwar temple.","2025-10-13 00:10:20","2025-10-13 00:10:20"
303,Indore,"Commercial hub in Madhya Pradesh.","2025-10-13 00:10:20","2025-10-13 00:10:20"
304,Satna,"City in Madhya Pradesh, cement and agriculture hub.","2025-10-13 00:10:20","2025-10-13 00:10:20"
305,Rewa,"City in Madhya Pradesh, cultural and historical importance.","2025-10-13 00:10:20","2025-10-13 00:10:20"
306,Sagar,"Educational city in Madhya Pradesh.","2025-10-13 00:10:20","2025-10-13 00:10:20"
307,Bikaner,"City in Rajasthan, desert and camel festival.","2025-10-13 00:10:20","2025-10-13 00:10:20"
308,Jodhpur,"Blue city, historical city in Rajasthan.","2025-10-13 00:10:20","2025-10-13 00:10:20"
309,Udaipur,"City of lakes, tourism hub in Rajasthan.","2025-10-13 00:10:20","2025-10-13 00:10:20"
310,Ajmer,"City in Rajasthan, pilgrimage center.","2025-10-13 00:10:20","2025-10-13 00:10:20"
311,Alwar,"Historical city in Rajasthan.","2025-10-13 00:10:20","2025-10-13 00:10:20"
312,Kota,"City in Rajasthan, industrial and educational hub.","2025-10-13 00:10:20","2025-10-13 00:10:20"
313,Jaipur,"Pink city, tourism and administrative center.","2025-10-13 00:10:20","2025-10-13 00:10:20"
314,Sikar,"City in Rajasthan, cultural significance.","2025-10-13 00:10:20","2025-10-13 00:10:20"
315,Bhilwara,"Textile city in Rajasthan.","2025-10-13 00:10:20","2025-10-13 00:10:20"
316,Jaisalmer,"Golden city, desert tourism in Rajasthan.","2025-10-13 00:10:20","2025-10-13 00:10:20"
317,Gangtok,"Capital of Sikkim, hill station and tourism.","2025-10-13 00:10:20","2025-10-13 00:10:20"
318,Pelling,"Hill town in Sikkim, scenic beauty.","2025-10-13 00:10:20","2025-10-13 00:10:20"
319,Namchi,"Cultural and religious city in Sikkim.","2025-10-13 00:10:20","2025-10-13 00:10:20"
320,Itanagar,"Capital of Arunachal Pradesh, administrative city.","2025-10-13 00:10:20","2025-10-13 00:10:20"
321,Tawang,"Tourist town, famous monasteries.","2025-10-13 00:10:20","2025-10-13 00:10:20"
322,Dispur,"Capital of Assam, administrative city.","2025-10-13 00:10:20","2025-10-13 00:10:20"
323,Guwahati,"Largest city in Assam, commercial and cultural hub.","2025-10-13 00:10:20","2025-10-13 00:10:20"
324,Jorhat,"Tea city in Assam.","2025-10-13 00:10:20","2025-10-13 00:10:20"
325,Dibrugarh,"Industrial and tea hub in Assam.","2025-10-13 00:10:20","2025-10-13 00:10:20"
326,Silchar,"City in Assam, educational hub.","2025-10-13 00:10:20","2025-10-13 00:10:20"
327,Shillong,"Capital of Meghalaya, scenic hill city.","2025-10-13 00:10:20","2025-10-13 00:10:20"
328,Mawlynnong,"Cleanest village in Meghalaya, tourist attraction.","2025-10-13 00:10:20","2025-10-13 00:10:20"
329,Tura,"City in Meghalaya, cultural significance.","2025-10-13 00:10:20","2025-10-13 00:10:20"
330,Aizawl,"Capital of Mizoram, administrative city.","2025-10-13 00:10:20","2025-10-13 00:10:20"
331,Champhai,"City in Mizoram, border and tourism hub.","2025-10-13 00:10:20","2025-10-13 00:10:20"
332,Kohima,"Capital of Nagaland, administrative city.","2025-10-13 00:10:20","2025-10-13 00:10:20"
333,Dimapur,"Commercial hub in Nagaland.","2025-10-13 00:10:20","2025-10-13 00:10:20"
334,Imphal,"Capital of Manipur, administrative and cultural city.","2025-10-13 00:10:20","2025-10-13 00:10:20"
335,Ukhrul,"Hilly town in Manipur, tribal culture.","2025-10-13 00:10:20","2025-10-13 00:10:20"
336,Bishnupur,"Cultural city in Manipur.","2025-10-13 00:10:20","2025-10-13 00:10:20"
337,Agartala,"Capital of Tripura, administrative city.","2025-10-13 00:10:20","2025-10-13 00:10:20"
338,Udaipur,"Historical city in Tripura.","2025-10-13 00:10:20","2025-10-13 00:10:20"
339,Kohima,"Hill town in Nagaland.","2025-10-13 00:10:20","2025-10-13 00:10:20"
340,Gangtok,"Capital city of Sikkim.","2025-10-13 00:10:20","2025-10-13 00:10:20"
341,"Port Blair","Capital of Andaman and Nicobar Islands, port city.","2025-10-13 00:10:20","2025-10-13 00:10:20"
342,Puducherry,"Union Territory, French colony heritage.","2025-10-13 00:10:20","2025-10-13 00:10:20"
343,Daman,"Union Territory, coastal city.","2025-10-13 00:10:20","2025-10-13 00:10:20"
344,Diu,"Union Territory, tourism hub.","2025-10-13 00:10:20","2025-10-13 00:10:20"
345,Silvassa,"Union Territory, industrial and tourism hub.","2025-10-13 00:10:20","2025-10-13 00:10:20"
346,Kavaratti,"Capital of Lakshadweep, island territory.","2025-10-13 00:10:20","2025-10-13 00:10:20"
347,Minicoy,"Island in Lakshadweep, fishing and tourism.","2025-10-13 00:10:20","2025-10-13 00:10:20"
348,Amini,"Island in Lakshadweep, peaceful residential area.","2025-10-13 00:10:20","2025-10-13 00:10:20"
349,Bangaram,"Island in Lakshadweep, tourist attraction.","2025-10-13 00:10:20","2025-10-13 00:10:20"
350,Agatti,"Island in Lakshadweep, main airport hub.","2025-10-13 00:10:20","2025-10-13 00:10:20"
351,Kalpeni,"Island in Lakshadweep, administrative center.","2025-10-13 00:10:20","2025-10-13 00:10:20"
352,Andheri,"Suburban area in Mumbai.","2025-10-13 00:10:20","2025-10-13 00:10:20"
353,Bandra,"Cosmopolitan area in Mumbai.","2025-10-13 00:10:20","2025-10-13 00:10:20"
354,Juhu,"Beach area in Mumbai.","2025-10-13 00:10:20","2025-10-13 00:10:20"
355,Vashi,"Suburban area in Navi Mumbai.","2025-10-13 00:10:20","2025-10-13 00:10:20"
356,Panvel,"Industrial and residential area in Navi Mumbai.","2025-10-13 00:10:20","2025-10-13 00:10:20"
357,Borivali,"Residential and commercial suburb in Mumbai.","2025-10-13 00:10:20","2025-10-13 00:10:20"
358,Ghatkopar,"Residential area in Mumbai.","2025-10-13 00:10:20","2025-10-13 00:10:20"
359,Mulund,"Suburban area in Mumbai.","2025-10-13 00:10:20","2025-10-13 00:10:20"
360,"Thane West","Residential and commercial area in Thane.","2025-10-13 00:10:20","2025-10-13 00:10:20"
361,"Thane East","Residential area in Thane.","2025-10-13 00:10:20","2025-10-13 00:10:20"
362,Kalyan,"Industrial and residential area in Thane.","2025-10-13 00:10:20","2025-10-13 00:10:20"
363,Dombivli,"Residential area in Thane.","2025-10-13 00:10:20","2025-10-13 00:10:20"
364,Ulhasnagar,"Industrial and residential area in Thane.","2025-10-13 00:10:20","2025-10-13 00:10:20"
365,"Andheri East","Commercial hub in Mumbai.","2025-10-13 00:10:20","2025-10-13 00:10:20"
366,"Andheri West","Residential and entertainment hub in Mumbai.","2025-10-13 00:10:20","2025-10-13 00:10:20"
367,Powai,"Residential and IT hub in Mumbai.","2025-10-13 00:10:20","2025-10-13 00:10:20"
368,"Lower Parel","Business and entertainment hub in Mumbai.","2025-10-13 00:10:20","2025-10-13 00:10:20"
369,Kurla,"Industrial and residential area in Mumbai.","2025-10-13 00:10:20","2025-10-13 00:10:20"
370,Chembur,"Residential and industrial area in Mumbai.","2025-10-13 00:10:20","2025-10-13 00:10:20"
371,"Vile Parle","Residential and educational hub in Mumbai.","2025-10-13 00:10:20","2025-10-13 00:10:20"
372,Santacruz,"Residential and airport area in Mumbai.","2025-10-13 00:10:20","2025-10-13 00:10:20"
373,Goregaon,"Residential and commercial suburb in Mumbai.","2025-10-13 00:10:20","2025-10-13 00:10:20"
374,Malad,"Residential and commercial suburb in Mumbai.","2025-10-13 00:10:20","2025-10-13 00:10:20"
375,Bhandup,"Residential area in Mumbai.","2025-10-13 00:10:20","2025-10-13 00:10:20"
376,Kandivali,"Residential and industrial area in Mumbai.","2025-10-13 00:10:20","2025-10-13 00:10:20"
377,Seawoods,"Suburban area in Navi Mumbai.","2025-10-13 00:10:20","2025-10-13 00:10:20"
378,Belapur,"Administrative and residential area in Navi Mumbai.","2025-10-13 00:10:20","2025-10-13 00:10:20"
379,"Panvel East","Residential area in Navi Mumbai.","2025-10-13 00:10:20","2025-10-13 00:10:20"
380,"Panvel West","Industrial and commercial area in Navi Mumbai.","2025-10-13 00:10:20","2025-10-13 00:10:20"
381,Kharghar,"Residential and educational hub in Navi Mumbai.","2025-10-13 00:10:20","2025-10-13 00:10:20"
382,Turbhe,"Industrial zone in Navi Mumbai.","2025-10-13 00:10:20","2025-10-13 00:10:20"
383,Airoli,"Residential and industrial hub in Navi Mumbai.","2025-10-13 00:10:20","2025-10-13 00:10:20"
384,Ghansoli,"Industrial and residential area in Navi Mumbai.","2025-10-13 00:10:20","2025-10-13 00:10:20"
385,Mankhurd,"Residential area in Mumbai.","2025-10-13 00:10:20","2025-10-13 00:10:20"
386,"Chembur West","Residential suburb in Mumbai.","2025-10-13 00:10:20","2025-10-13 00:10:20"
387,"Chembur East","Industrial area in Mumbai.","2025-10-13 00:10:20","2025-10-13 00:10:20"
388,"Ghatkopar West","Residential area in Mumbai.","2025-10-13 00:10:20","2025-10-13 00:10:20"
389,"Ghatkopar East","Industrial area in Mumbai.","2025-10-13 00:10:20","2025-10-13 00:10:20"
390,Vikhroli,"Residential and industrial area in Mumbai.","2025-10-13 00:10:20","2025-10-13 00:10:20"
391,Kanjurmarg,"Residential suburb in Mumbai.","2025-10-13 00:10:20","2025-10-13 00:10:20"
392,"Bhandup West","Residential area in Mumbai.","2025-10-13 00:10:20","2025-10-13 00:10:20"
393,"Bhandup East","Industrial area in Mumbai.","2025-10-13 00:10:20","2025-10-13 00:10:20"
394,"Mulund West","Residential area in Mumbai.","2025-10-13 00:10:20","2025-10-13 00:10:20"
395,"Mulund East","Residential and industrial area in Mumbai.","2025-10-13 00:10:20","2025-10-13 00:10:20"
396,"Central Zone 1","Urban residential area with mixed housing and small markets","2025-10-13 15:04:24","2025-10-13 15:04:24"
397,"North Sector 2","Suburban region with medium population density","2025-10-13 15:04:24","2025-10-13 15:04:24"
398,"South Ward 3","Industrial and warehouse area","2025-10-13 15:04:24","2025-10-13 15:04:24"
399,"East Block 4","Commercial hub with offices and retail outlets","2025-10-13 15:04:24","2025-10-13 15:04:24"
400,"West Zone 5","Residential apartments and public parks","2025-10-13 15:04:24","2025-10-13 15:04:24"
401,"Riverfront Area 6","Tourist and recreational area along the river","2025-10-13 15:04:24","2025-10-13 15:04:24"
402,"Hilltop Zone 7","Hilly terrain with low-density housing","2025-10-13 15:04:24","2025-10-13 15:04:24"
403,"Market Ward 8","Dense market and commercial activities","2025-10-13 15:04:24","2025-10-13 15:04:24"
404,"Coastal Belt 9","Fishing and port-oriented area","2025-10-13 15:04:24","2025-10-13 15:04:24"
405,"Tech Park 10","Information technology hub and startup zone","2025-10-13 15:04:24","2025-10-13 15:04:24"
406,"Old Town 11","Historical part of city with monuments","2025-10-13 15:04:24","2025-10-13 15:04:24"
407,"Greenfield 12","Agricultural land and open green fields","2025-10-13 15:04:24","2025-10-13 15:04:24"
408,"University Sector 13","Educational zone with universities and hostels","2025-10-13 15:04:24","2025-10-13 15:04:24"
409,"Industrial Area 14","Manufacturing plants and factories","2025-10-13 15:04:24","2025-10-13 15:04:24"
410,"Residential Block 15","Mid-income housing area","2025-10-13 15:04:24","2025-10-13 15:04:24"
411,"Civic Center 16","Administrative and government offices","2025-10-13 15:04:24","2025-10-13 15:04:24"
412,"Eco Village 17","Rural eco-friendly settlement","2025-10-13 15:04:24","2025-10-13 15:04:24"
413,"Metro Zone 18","High-rise apartments and metro connectivity","2025-10-13 15:04:24","2025-10-13 15:04:24"
414,"Downtown 19","Main city center with business complexes","2025-10-13 15:04:24","2025-10-13 15:04:24"
415,"Airport Zone 20","Near airport and cargo terminals","2025-10-13 15:04:24","2025-10-13 15:04:24"
416,"Farm Belt 21","Farming and greenhouse production area","2025-10-13 15:04:24","2025-10-13 15:04:24"
417,"Suburban Block 22","Developing suburban neighborhood","2025-10-13 15:04:24","2025-10-13 15:04:24"
418,"Business Park 23","Corporate offices and IT infrastructure","2025-10-13 15:04:24","2025-10-13 15:04:24"
419,"Recycling Zone 24","Waste management and recycling facilities","2025-10-13 15:04:24","2025-10-13 15:04:24"
420,"Logistics Hub 25","Transport and goods storage region","2025-10-13 15:04:24","2025-10-13 15:04:24"
421,"Temple Ward 26","Cultural and heritage-based area","2025-10-13 15:04:24","2025-10-13 15:04:24"
422,"Harbor Point 27","Sea-side dock and shipping area","2025-10-13 15:04:24","2025-10-13 15:04:24"
423,"Forest Edge 28","Eco-sensitive and forest reserve area","2025-10-13 15:04:24","2025-10-13 15:04:24"
424,"Health District 29","Hospitals, clinics and pharma industries","2025-10-13 15:04:24","2025-10-13 15:04:24"
425,"Education Lane 30","Schools and training centers region","2025-10-13 15:04:24","2025-10-13 15:04:24"
426,"Rural Cluster 31","Small villages with agricultural dominance","2025-10-13 15:04:24","2025-10-13 15:04:24"
427,"Urban Core 32","High-density urban core","2025-10-13 15:04:24","2025-10-13 15:04:24"
428,"Industrial Zone 33","Heavy machinery and production facilities","2025-10-13 15:04:24","2025-10-13 15:04:24"
429,"Residential Zone 34","Low-rise homes and apartments","2025-10-13 15:04:24","2025-10-13 15:04:24"
430,"Commercial Hub 35","Shops, malls, and showrooms","2025-10-13 15:04:24","2025-10-13 15:04:24"
431,"Market Street 36","Main retail street of the town","2025-10-13 15:04:24","2025-10-13 15:04:24"
432,"Riverbank 37","Area adjacent to river with parklands","2025-10-13 15:04:24","2025-10-13 15:04:24"
433,"Railway Ward 38","Train depot and connected colony","2025-10-13 15:04:24","2025-10-13 15:04:24"
434,"Eco Valley 39","Environment-friendly smart neighborhood","2025-10-13 15:04:24","2025-10-13 15:04:24"
435,"IT Corridor 40","Tech companies and BPO offices","2025-10-13 15:04:24","2025-10-13 15:04:24"
436,"Port Zone 41","Coastal cargo and trade region","2025-10-13 15:04:24","2025-10-13 15:04:24"
437,"South Industrial 42","Manufacturing and processing units","2025-10-13 15:04:24","2025-10-13 15:04:24"
438,"Central Residential 43","Mixed apartments and gated societies","2025-10-13 15:04:24","2025-10-13 15:04:24"
439,"North Commercial 44","Business and market area","2025-10-13 15:04:24","2025-10-13 15:04:24"
440,"Farm Sector 45","Crop production and agri land","2025-10-13 15:04:24","2025-10-13 15:04:24"
441,"Housing Colony 46","Newly developed housing complex","2025-10-13 15:04:24","2025-10-13 15:04:24"
442,"Retail Block 47","Shops and departmental stores","2025-10-13 15:04:24","2025-10-13 15:04:24"
443,"University Town 48","Student-oriented area with cafes","2025-10-13 15:04:24","2025-10-13 15:04:24"
444,"Lake View 49","Near lake with parks and gardens","2025-10-13 15:04:24","2025-10-13 15:04:24"
445,"Urban Fringe 50","Outskirts of city with rapid development","2025-10-13 15:04:24","2025-10-13 15:04:24"
446,"Solar Village 51","Renewable energy-powered rural area","2025-10-13 15:04:24","2025-10-13 15:04:24"
447,"Science Park 52","Research institutes and tech firms","2025-10-13 15:04:24","2025-10-13 15:04:24"
448,"Coastal Road 53","Highway stretch along sea coast","2025-10-13 15:04:24","2025-10-13 15:04:24"
449,"Downtown Market 54","Busy central market area","2025-10-13 15:04:24","2025-10-13 15:04:24"
450,"Public Square 55","Community space with government buildings","2025-10-13 15:04:24","2025-10-13 15:04:24"
451,"West Colony 56","Residential society with public amenities","2025-10-13 15:04:24","2025-10-13 15:04:24"
452,"Metro Extension 57","Expanding metro connectivity zone","2025-10-13 15:04:24","2025-10-13 15:04:24"
453,"Harbor Line 58","Dockside industrial line","2025-10-13 15:04:24","2025-10-13 15:04:24"
454,"Old Bazaar 59","Traditional shopping area","2025-10-13 15:04:24","2025-10-13 15:04:24"
455,"Airport City 60","Urban area connected to airport","2025-10-13 15:04:24","2025-10-13 15:04:24"
456,"Green Belt 61","Eco preservation and forested zone","2025-10-13 15:04:24","2025-10-13 15:04:24"
457,"Civic Park 62","Public recreational area","2025-10-13 15:04:24","2025-10-13 15:04:24"
458,"Industrial Hub 63","Engineering and steel factories","2025-10-13 15:04:24","2025-10-13 15:04:24"
459,"Urban Village 64","Modern housing in village setting","2025-10-13 15:04:24","2025-10-13 15:04:24"
460,"North Belt 65","Transition zone between urban and rural","2025-10-13 15:04:24","2025-10-13 15:04:24"
461,"Tech Square 66","Innovation and startup district","2025-10-13 15:04:24","2025-10-13 15:04:24"
462,"Riverside 67","Low-density houses near water","2025-10-13 15:04:24","2025-10-13 15:04:24"
463,"East End 68","Urban expansion area","2025-10-13 15:04:24","2025-10-13 15:04:24"
464,"Health Zone 69","Medical services cluster","2025-10-13 15:04:24","2025-10-13 15:04:24"
465,"Logistics Corridor 70","Transport and storage facilities","2025-10-13 15:04:24","2025-10-13 15:04:24"
466,"Education City 71","Cluster of colleges and universities","2025-10-13 15:04:24","2025-10-13 15:04:24"
467,"Solar Park 72","Renewable energy installations","2025-10-13 15:04:24","2025-10-13 15:04:24"
468,"Cultural District 73","Art galleries and museums","2025-10-13 15:04:24","2025-10-13 15:04:24"
469,"Farm Extension 74","Large agricultural belt","2025-10-13 15:04:24","2025-10-13 15:04:24"
470,"Industrial Phase 75","Light manufacturing industries","2025-10-13 15:04:24","2025-10-13 15:04:24"
471,"Housing Extension 76","Affordable housing area","2025-10-13 15:04:24","2025-10-13 15:04:24"
472,"Central Business 77","Main corporate center","2025-10-13 15:04:24","2025-10-13 15:04:24"
473,"Science City 78","Research labs and innovation hub","2025-10-13 15:04:24","2025-10-13 15:04:24"
474,"East Industrial 79","Production and processing plants","2025-10-13 15:04:24","2025-10-13 15:04:24"
475,"Residential Enclave 80","Luxury housing colony","2025-10-13 15:04:24","2025-10-13 15:04:24"
476,"West Market 81","Retail and service businesses","2025-10-13 15:04:24","2025-10-13 15:04:24"
477,"Lake District 82","Resort and recreation zone","2025-10-13 15:04:24","2025-10-13 15:04:24"
478,"Transit Hub 83","Bus and metro terminal area","2025-10-13 15:04:24","2025-10-13 15:04:24"
479,"Smart Colony 84","Digital infrastructure-based colony","2025-10-13 15:04:24","2025-10-13 15:04:24"
480,"Seaside 85","Beach area with resorts","2025-10-13 15:04:24","2025-10-13 15:04:24"
481,"Hill Region 86","Elevated hilly settlement","2025-10-13 15:04:24","2025-10-13 15:04:24"
482,"Forest Zone 87","Protected forest area","2025-10-13 15:04:24","2025-10-13 15:04:24"
483,"Mining Area 88","Extraction and quarry operations","2025-10-13 15:04:24","2025-10-13 15:04:24"
484,"Tech City 89","Software companies and IT offices","2025-10-13 15:04:24","2025-10-13 15:04:24"
485,"Old Harbor 90","Historic dock and coastal zone","2025-10-13 15:04:24","2025-10-13 15:04:24"
486,"Suburban Park 91","Recreational urban park","2025-10-13 15:04:24","2025-10-13 15:04:24"
487,"Industrial Estate 92","Automobile and metal industries","2025-10-13 15:04:24","2025-10-13 15:04:24"
488,"Food Processing 93","Agro-food and processing plants","2025-10-13 15:04:24","2025-10-13 15:04:24"
489,"Town Center 94","Core shopping and business region","2025-10-13 15:04:24","2025-10-13 15:04:24"
490,"Residential Sector 95","Houses and apartments","2025-10-13 15:04:24","2025-10-13 15:04:24"
491,"Port City 96","Shipping and logistics capital","2025-10-13 15:04:24","2025-10-13 15:04:24"
492,"Recycling Yard 97","Waste segregation site","2025-10-13 15:04:24","2025-10-13 15:04:24"
493,"Urban Junction 98","Major transport intersection","2025-10-13 15:04:24","2025-10-13 15:04:24"
494,"Public Facility 99","Govt institutions and public services","2025-10-13 15:04:24","2025-10-13 15:04:24"
495,"Eco Region 100","Green area under eco-project","2025-10-13 15:04:24","2025-10-13 15:04:24"
496,"Tourism Belt 101","Hotels and attractions area","2025-10-13 15:04:24","2025-10-13 15:04:24"
497,"Farm Yard 102","Small-scale agriculture land","2025-10-13 15:04:24","2025-10-13 15:04:24"
498,"Urban District 103","Planned urban region","2025-10-13 15:04:24","2025-10-13 15:04:24"
499,"Tech Valley 104","Innovation and robotics firms","2025-10-13 15:04:24","2025-10-13 15:04:24"
500,"East Market 105","Shopping district and vendors","2025-10-13 15:04:24","2025-10-13 15:04:24"
501,"Housing Block 106","Community housing area","2025-10-13 15:04:24","2025-10-13 15:04:24"
502,"Industrial Block 107","Assembly and production unit","2025-10-13 15:04:24","2025-10-13 15:04:24"
503,"South Colony 108","Residential area with markets","2025-10-13 15:04:24","2025-10-13 15:04:24"
504,"Lake Town 109","Residential area near lakeside","2025-10-13 15:04:24","2025-10-13 15:04:24"
505,"Health Park 110","Hospitals and wellness centers","2025-10-13 15:04:24","2025-10-13 15:04:24"
506,"Cultural Plaza 111","Public events and heritage area","2025-10-13 15:04:24","2025-10-13 15:04:24"
507,"Education Hub 112","Cluster of schools and universities","2025-10-13 15:04:24","2025-10-13 15:04:24"
508,"Science Cluster 113","Technology testing facilities","2025-10-13 15:04:24","2025-10-13 15:04:24"
509,"Green Town 114","Sustainable housing society","2025-10-13 15:04:24","2025-10-13 15:04:24"
510,"North Estate 115","Corporate and trade estate","2025-10-13 15:04:24","2025-10-13 15:04:24"
511,"Central Colony 116","Dense housing area","2025-10-13 15:04:24","2025-10-13 15:04:24"
512,"Logistics Yard 117","Freight management hub","2025-10-13 15:04:24","2025-10-13 15:04:24"
513,"Airport Belt 118","Cargo and passenger facilities","2025-10-13 15:04:24","2025-10-13 15:04:24"
514,"Old Town East 119","Historic core with narrow lanes","2025-10-13 15:04:24","2025-10-13 15:04:24"
515,"New Town 120","Planned urban extension","2025-10-13 15:04:24","2025-10-13 15:04:24"
516,"Seaside Colony 121","Modern residential near sea","2025-10-13 15:04:24","2025-10-13 15:04:24"
517,"Urban Plaza 122","Downtown shopping space","2025-10-13 15:04:24","2025-10-13 15:04:24"
518,"Coastal Village 123","Fishing and trade village","2025-10-13 15:04:24","2025-10-13 15:04:24"
519,"Eco Harbor 124","Sustainable dock region","2025-10-13 15:04:24","2025-10-13 15:04:24"
520,"Tech Gate 125","Smart business gateway","2025-10-13 15:04:24","2025-10-13 15:04:24"
521,"Industrial Port 126","Dock-based manufacturing zone","2025-10-13 15:04:24","2025-10-13 15:04:24"
522,"Forest Belt 127","Woodland protection area","2025-10-13 15:04:24","2025-10-13 15:04:24"
523,"Science Campus 128","University and R&D zone","2025-10-13 15:04:24","2025-10-13 15:04:24"
524,"South Block 129","City sub-division area","2025-10-13 15:04:24","2025-10-13 15:04:24"
525,"North Block 130","Residential sector","2025-10-13 15:04:24","2025-10-13 15:04:24"
526,"Central Yard 131","Main waste collection depot","2025-10-13 15:04:24","2025-10-13 15:04:24"
527,"Urban Square 132","Mixed-use development area","2025-10-13 15:04:24","2025-10-13 15:04:24"
528,"River Colony 133","Residential zone near river","2025-10-13 15:04:24","2025-10-13 15:04:24"
529,"Education Ward 134","Schools and institutes","2025-10-13 15:04:24","2025-10-13 15:04:24"
530,"Industrial Complex 135","Large industrial factories","2025-10-13 15:04:24","2025-10-13 15:04:24"
531,"West Sector 136","Housing and urban facilities","2025-10-13 15:04:24","2025-10-13 15:04:24"
532,"Civic Block 137","Government administrative center","2025-10-13 15:04:24","2025-10-13 15:04:24"
533,"Eco Town 138","Environment-conscious development","2025-10-13 15:04:24","2025-10-13 15:04:24"
534,"Lake Edge 139","Waterfront housing area","2025-10-13 15:04:24","2025-10-13 15:04:24"
535,"Transport Hub 140","Bus and metro connectivity zone","2025-10-13 15:04:24","2025-10-13 15:04:24"
536,"Urban Line 141","Linear development zone","2025-10-13 15:04:24","2025-10-13 15:04:24"
537,"Coastal Road Zone 142","Urban area near coastline","2025-10-13 15:04:24","2025-10-13 15:04:24"
538,"Industrial Park 143","Heavy industries and logistics","2025-10-13 15:04:24","2025-10-13 15:04:24"
539,"Cultural Park 144","Performing arts and recreation","2025-10-13 15:04:24","2025-10-13 15:04:24"
540,"Smart Town 145","Digital infrastructure city","2025-10-13 15:04:24","2025-10-13 15:04:24"
541,"Forest Village 146","Eco-preserved rural zone","2025-10-13 15:04:24","2025-10-13 15:04:24"
542,"River View 147","Scenic riverbank community","2025-10-13 15:04:24","2025-10-13 15:04:24"
543,"West End 148","Modern urban residential zone","2025-10-13 15:04:24","2025-10-13 15:04:24"
544,"Science Village 149","Education and tech community","2025-10-13 15:04:24","2025-10-13 15:04:24"
545,"Tech Avenue 150","Corporate and IT firms","2025-10-13 15:04:24","2025-10-13 15:04:24"
546,"Civic Region 151","Administrative headquarter area","2025-10-13 15:04:24","2025-10-13 15:04:24"
547,"Rural Belt 152","Agricultural zone and villages","2025-10-13 15:04:24","2025-10-13 15:04:24"
548,"Green Eco Zone 153","Renewable energy housing zone","2025-10-13 15:04:24","2025-10-13 15:04:24"
549,"North Ridge 154","Hilly suburb region","2025-10-13 15:04:24","2025-10-13 15:04:24"
550,"Smart Block 155","IoT-based city development","2025-10-13 15:04:24","2025-10-13 15:04:24"
551,"South District 156","High-population city area","2025-10-13 15:04:24","2025-10-13 15:04:24"
552,"River Island 157","Isolated riverbank colony","2025-10-13 15:04:24","2025-10-13 15:04:24"
553,"Urban Bay 158","Commercial waterfront region","2025-10-13 15:04:24","2025-10-13 15:04:24"
554,"Logistics Park 159","Freight and shipment area","2025-10-13 15:04:24","2025-10-13 15:04:24"
555,"Old Quarter 160","Traditional housing region","2025-10-13 15:04:24","2025-10-13 15:04:24"
556,"Solar Town 161","Solar-powered community","2025-10-13 15:04:24","2025-10-13 15:04:24"
557,"Education District 162","University-linked development","2025-10-13 15:04:24","2025-10-13 15:04:24"
558,"West Ridge 163","Hilly modern township","2025-10-13 15:04:24","2025-10-13 15:04:24"
559,"Metro Belt 164","Transit-oriented urban belt","2025-10-13 15:04:24","2025-10-13 15:04:24"
560,"Innovation Park 165","Advanced research and development zone","2025-10-13 15:04:24","2025-10-13 15:04:24"
561,"North Zone","Residential and commercial area in the northern part of the city.","2025-10-13 15:24:31","2025-10-13 15:24:31"
562,"South Zone","Industrial and residential area with high population density.","2025-10-13 15:24:31","2025-10-13 15:24:31"
563,"East Zone","Primarily residential with some commercial hubs.","2025-10-13 15:24:31","2025-10-13 15:24:31"
564,"West Zone","Mixed-use area with markets and schools.","2025-10-13 15:24:31","2025-10-13 15:24:31"
565,"Central Zone","City center with offices, shops, and high traffic.","2025-10-13 15:24:31","2025-10-13 15:24:31"
566,Greenfield,"Newly developed residential area with parks.","2025-10-13 15:24:31","2025-10-13 15:24:31"
567,Riverside,"Area along the river with light industrial activity.","2025-10-13 15:24:31","2025-10-13 15:24:31"
568,Hilltop,"Residential area on elevated terrain.","2025-10-13 15:24:31","2025-10-13 15:24:31"
569,Lakeside,"Scenic area near the lake, mostly residential.","2025-10-13 15:24:31","2025-10-13 15:24:31"
570,"Old Town","Historic district with traditional markets.","2025-10-13 15:24:31","2025-10-13 15:24:31"
571,"Tech Park","IT and tech companies cluster with residential zones.","2025-10-13 15:24:31","2025-10-13 15:24:31"
572,"Airport Area","Zone surrounding the city airport with warehouses.","2025-10-13 15:24:31","2025-10-13 15:24:31"
573,Harbor,"Port area with commercial and industrial activity.","2025-10-13 15:24:31","2025-10-13 15:24:31"
574,"University District","Education-focused area with colleges and hostels.","2025-10-13 15:24:31","2025-10-13 15:24:31"
575,"Industrial Estate","Heavy industrial activity zone with factories.","2025-10-13 15:24:31","2025-10-13 15:24:31"
576,"Market Street","Commercial hub with shops and offices.","2025-10-13 15:24:31","2025-10-13 15:24:31"
577,"Residential East","Dense residential neighborhood with local markets.","2025-10-13 15:24:31","2025-10-13 15:24:31"
578,"Residential West","Residential area with schools and parks.","2025-10-13 15:24:31","2025-10-13 15:24:31"
579,"Suburban North","Suburban residential zone with low density.","2025-10-13 15:24:31","2025-10-13 15:24:31"
580,"Suburban South","Low-density residential area near highways.","2025-10-13 15:24:31","2025-10-13 15:24:31"
581,"Old Industrial","Old industrial units with some warehouses.","2025-10-13 15:24:31","2025-10-13 15:24:31"
582,"New Industrial","Modern industrial area with logistics centers.","2025-10-13 15:24:31","2025-10-13 15:24:31"
583,"Business Park","Corporate offices and co-working spaces.","2025-10-13 15:24:31","2025-10-13 15:24:31"
584,"Mall District","Area surrounding major shopping malls.","2025-10-13 15:24:31","2025-10-13 15:24:31"
585,"Sports Complex","Zone with stadiums, gyms, and recreational areas.","2025-10-13 15:24:31","2025-10-13 15:24:31"
586,"Medical Hub","Hospitals, clinics, and health centers concentrated here.","2025-10-13 15:24:31","2025-10-13 15:24:31"
587,"Cultural Zone","Museums, theaters, and cultural institutions.","2025-10-13 15:24:31","2025-10-13 15:24:31"
588,"Government Zone","Government offices and administrative buildings.","2025-10-13 15:24:31","2025-10-13 15:24:31"
589,"Transport Hub","Bus and train stations with associated markets.","2025-10-13 15:24:31","2025-10-13 15:24:31"
590,Waterfront,"Developed area along the waterfront with mixed use.","2025-10-13 15:24:31","2025-10-13 15:24:31"
591,"Education Zone","Schools, coaching centers, and universities.","2025-10-13 15:24:31","2025-10-13 15:24:31"
592,"Tech Village","Residential and tech startup area.","2025-10-13 15:24:31","2025-10-13 15:24:31"
593,"Eco Park","Environmentally protected zone with greenery.","2025-10-13 15:24:31","2025-10-13 15:24:31"
594,"Industrial North","Northern industrial belt with factories.","2025-10-13 15:24:31","2025-10-13 15:24:31"
595,"Industrial South","Southern industrial belt with warehouses.","2025-10-13 15:24:31","2025-10-13 15:24:31"
596,"Residential Heights","Uptown residential area with high-end apartments.","2025-10-13 15:24:31","2025-10-13 15:24:31"
597,"Commerce Street","Central commercial street with shops and offices.","2025-10-13 15:24:31","2025-10-13 15:24:31"
598,"Food Street","Popular area with restaurants and food markets.","2025-10-13 15:24:31","2025-10-13 15:24:31"
599,"Market Lane","Small commercial street with local businesses.","2025-10-13 15:24:31","2025-10-13 15:24:31"
600,"Green Lane","Residential area with green parks and playgrounds.","2025-10-13 15:24:31","2025-10-13 15:24:31"
601,Lakeview,"Apartments and villas with lake view.","2025-10-13 15:24:31","2025-10-13 15:24:31"
602,Riverbank,"Residential and commercial buildings near the river.","2025-10-13 15:24:31","2025-10-13 15:24:31"
603,"Harbor Road","Industrial and logistics corridor near harbor.","2025-10-13 15:24:31","2025-10-13 15:24:31"
604,"Airport Road","Commercial and residential development near airport.","2025-10-13 15:24:31","2025-10-13 15:24:31"
605,"Industrial Park","Cluster of manufacturing units and warehouses.","2025-10-13 15:24:31","2025-10-13 15:24:31"
606,"Tech Avenue","Street with IT companies and co-working spaces.","2025-10-13 15:24:31","2025-10-13 15:24:31"
607,"University Road","Area with colleges, hostels, and student facilities.","2025-10-13 15:24:31","2025-10-13 15:24:31"
608,"Historic Lane","Old town street with cultural significance.","2025-10-13 15:24:31","2025-10-13 15:24:31"
609,"Garden District","Residential area with parks and gardens.","2025-10-13 15:24:31","2025-10-13 15:24:31"
610,"Suburban Heights","Residential suburb with medium density.","2025-10-13 15:24:31","2025-10-13 15:24:31"
611,"Commerce Avenue","Business district with corporate offices.","2025-10-13 15:24:31","2025-10-13 15:24:31"
612,"Industrial Boulevard","Main road connecting industrial units.","2025-10-13 15:24:31","2025-10-13 15:24:31"
613,"Residential Square","Neighborhood square with residential buildings.","2025-10-13 15:24:31","2025-10-13 15:24:31"
614,"Central Park Area","Residential and recreational area around central park.","2025-10-13 15:24:31","2025-10-13 15:24:31"
615,"Market Plaza","Commercial plaza with shops and offices.","2025-10-13 15:24:31","2025-10-13 15:24:31"
616,"Harbor View","Industrial and residential buildings near harbor view.","2025-10-13 15:24:31","2025-10-13 15:24:31"
617,Lakefront,"Residential area along the lakefront.","2025-10-13 15:24:31","2025-10-13 15:24:31"
618,"Riverside Heights","Residential apartments with river view.","2025-10-13 15:24:31","2025-10-13 15:24:31"
619,"Tech Corridor","Street connecting multiple IT parks.","2025-10-13 15:24:31","2025-10-13 15:24:31"
620,"Industrial Lane","Street with factories and warehouses.","2025-10-13 15:24:31","2025-10-13 15:24:31"
621,"Business Square","Central square with offices and shops.","2025-10-13 15:24:31","2025-10-13 15:24:31"
622,"Residential Lane","Local residential street with houses.","2025-10-13 15:24:31","2025-10-13 15:24:31"
623,"Cultural Plaza","Theater and museum hub in city.","2025-10-13 15:24:31","2025-10-13 15:24:31"
624,"Medical Avenue","Hospitals and clinics concentrated along this street.","2025-10-13 15:24:31","2025-10-13 15:24:31"
625,"Education Street","Schools and coaching centers located here.","2025-10-13 15:24:31","2025-10-13 15:24:31"
626,"Sports Avenue","Stadiums, gyms, and sports facilities.","2025-10-13 15:24:31","2025-10-13 15:24:31"
627,"Old Market","Traditional market with shops.","2025-10-13 15:24:31","2025-10-13 15:24:31"
628,"Suburban Avenue","Residential suburb with schools and parks.","2025-10-13 15:24:31","2025-10-13 15:24:31"
629,"Green Park","Residential area with extensive green space.","2025-10-13 15:24:31","2025-10-13 15:24:31"
630,"Commerce Hub","Business and trade concentrated zone.","2025-10-13 15:24:31","2025-10-13 15:24:31"
631,"Harbor Lane","Road connecting industrial harbor facilities.","2025-10-13 15:24:31","2025-10-13 15:24:31"
632,"Airport Boulevard","Main boulevard near airport with commercial activity.","2025-10-13 15:24:31","2025-10-13 15:24:31"
633,"Tech Street","Street lined with IT companies and startups.","2025-10-13 15:24:31","2025-10-13 15:24:31"
634,"Industrial Road","Industrial units along main road.","2025-10-13 15:24:31","2025-10-13 15:24:31"
635,"University Square","Education district with colleges and hostels.","2025-10-13 15:24:31","2025-10-13 15:24:31"
636,"Historic Avenue","Historic street with old architecture.","2025-10-13 15:24:31","2025-10-13 15:24:31"
637,"Residential Park","Residential area with central park.","2025-10-13 15:24:31","2025-10-13 15:24:31"
638,"Market Street North","Commercial street in northern district.","2025-10-13 15:24:31","2025-10-13 15:24:31"
639,"Market Street South","Commercial street in southern district.","2025-10-13 15:24:31","2025-10-13 15:24:31"
640,"Riverside Park","Residential and recreational zone along river.","2025-10-13 15:24:31","2025-10-13 15:24:31"
641,"Lakeside Heights","Residential area near lake with high-end housing.","2025-10-13 15:24:31","2025-10-13 15:24:31"
642,"Business Boulevard","Main business street with offices.","2025-10-13 15:24:31","2025-10-13 15:24:31"
643,"Suburban Park","Residential suburb with green spaces.","2025-10-13 15:24:31","2025-10-13 15:24:31"
644,"Tech Plaza","IT and startup office complex.","2025-10-13 15:24:31","2025-10-13 15:24:31"
645,"Industrial Complex","Cluster of factories and warehouses.","2025-10-13 15:24:31","2025-10-13 15:24:31"
646,"Cultural Lane","Museums and cultural institutions street.","2025-10-13 15:24:31","2025-10-13 15:24:31"
647,"Medical Park","Hospitals and health clinics in park area.","2025-10-13 15:24:31","2025-10-13 15:24:31"
648,"Education Park","Schools and educational centers in park area.","2025-10-13 15:24:31","2025-10-13 15:24:31"
649,"Sports Lane","Stadiums, courts, and sports facilities.","2025-10-13 15:24:31","2025-10-13 15:24:31"
650,"Old Town Square","Central historic square in old town.","2025-10-13 15:24:31","2025-10-13 15:24:31"
651,Greenbelt,"Residential area with environmental protection zones.","2025-10-13 15:24:31","2025-10-13 15:24:31"
652,"Commerce Street East","East side commercial street.","2025-10-13 15:24:31","2025-10-13 15:24:31"
653,"Commerce Street West","West side commercial street.","2025-10-13 15:24:31","2025-10-13 15:24:31"
654,"Harbor Boulevard","Industrial harbor main road.","2025-10-13 15:24:31","2025-10-13 15:24:31"
655,"Airport Lane","Street connecting airport terminals.","2025-10-13 15:24:31","2025-10-13 15:24:31"
656,"Tech Hub","Main tech district in city.","2025-10-13 15:24:31","2025-10-13 15:24:31"
657,"Industrial Hub","Central industrial area with factories.","2025-10-13 15:24:31","2025-10-13 15:24:31"
658,"University Avenue","Main avenue with colleges and hostels.","2025-10-13 15:24:31","2025-10-13 15:24:31"
659,"Historic District","Preserved old city district.","2025-10-13 15:24:31","2025-10-13 15:24:31"
660,"Residential Heights East","East side residential high-rise area.","2025-10-13 15:24:31","2025-10-13 15:24:31"
661,"Residential Heights West","West side residential high-rise area.","2025-10-13 15:24:31","2025-10-13 15:24:31"
662,"Market Lane East","East side commercial lane.","2025-10-13 15:24:31","2025-10-13 15:24:31"
663,"Market Lane West","West side commercial lane.","2025-10-13 15:24:31","2025-10-13 15:24:31"
664,"Riverside Avenue","Residential and commercial street by river.","2025-10-13 15:24:31","2025-10-13 15:24:31"
665,"Lakeside Avenue","Residential and commercial street by lake.","2025-10-13 15:24:31","2025-10-13 15:24:31"
666,"Business Park East","East business park district.","2025-10-13 15:24:31","2025-10-13 15:24:31"
667,"Business Park West","West business park district.","2025-10-13 15:24:31","2025-10-13 15:24:31"
668,"Suburban Lane","Residential suburban street.","2025-10-13 15:24:31","2025-10-13 15:24:31"
669,"Tech Lane","Street with tech companies.","2025-10-13 15:24:31","2025-10-13 15:24:31"
670,"Industrial Avenue","Main avenue for industrial units.","2025-10-13 15:24:31","2025-10-13 15:24:31"
671,"Education Lane","Street with schools and colleges.","2025-10-13 15:24:31","2025-10-13 15:24:31"
672,"Sports Park","Sports facilities in park area.","2025-10-13 15:24:31","2025-10-13 15:24:31"
673,"Cultural Avenue","Cultural street with museums and theaters.","2025-10-13 15:24:31","2025-10-13 15:24:31"
674,"Medical Lane","Street with hospitals and clinics.","2025-10-13 15:24:31","2025-10-13 15:24:31"
675,Greenway,"Residential street with greenery.","2025-10-13 15:24:31","2025-10-13 15:24:31"
676,"Historic Park","Old town park area.","2025-10-13 15:24:31","2025-10-13 15:24:31"
677,"Commerce Circle","Circular commercial zone.","2025-10-13 15:24:31","2025-10-13 15:24:31"
678,"Harbor Circle","Industrial harbor circular street.","2025-10-13 15:24:31","2025-10-13 15:24:31"
679,"Airport Circle","Commercial area around airport circular road.","2025-10-13 15:24:31","2025-10-13 15:24:31"
680,"Tech Circle","Tech companies clustered in circular zone.","2025-10-13 15:24:31","2025-10-13 15:24:31"
681,"Industrial Circle","Industrial units in circular road.","2025-10-13 15:24:31","2025-10-13 15:24:31"
682,"University Circle","Education institutions circular zone.","2025-10-13 15:24:31","2025-10-13 15:24:31"
683,"Old Town Circle","Historic circular area in old town.","2025-10-13 15:24:31","2025-10-13 15:24:31"
684,"Residential Circle","Residential neighborhood circle.","2025-10-13 15:24:31","2025-10-13 15:24:31"
685,"Market Circle","Commercial market circle.","2025-10-13 15:24:31","2025-10-13 15:24:31"
686,"Riverside Circle","Residential and commercial circular street near river.","2025-10-13 15:24:31","2025-10-13 15:24:31"
687,"Lakeside Circle","Residential and commercial circular street near lake.","2025-10-13 15:24:31","2025-10-13 15:24:31"
688,"Business Circle","Business hub circular street.","2025-10-13 15:24:31","2025-10-13 15:24:31"
689,"Suburban Circle","Residential suburban circular area.","2025-10-13 15:24:31","2025-10-13 15:24:31"
690,"Tech Park Circle","IT park circular area.","2025-10-13 15:24:31","2025-10-13 15:24:31"
691,"Industrial Park Circle","Industrial park circular area.","2025-10-13 15:24:31","2025-10-13 15:24:31"
692,"Education Park Circle","School and college circular zone.","2025-10-13 15:24:31","2025-10-13 15:24:31"
693,"Sports Circle","Sports facilities circular area.","2025-10-13 15:24:31","2025-10-13 15:24:31"
694,"Cultural Park","Cultural park with museums and theaters.","2025-10-13 15:24:31","2025-10-13 15:24:31"
695,"Medical Circle","Hospitals and health clinics circular area.","2025-10-13 15:24:31","2025-10-13 15:24:31"
696,"Green Park Circle","Residential area with greenery in circular layout.","2025-10-13 15:24:31","2025-10-13 15:24:31"
697,"Historic Lane East","East lane in historic district.","2025-10-13 15:24:31","2025-10-13 15:24:31"
698,"Historic Lane West","West lane in historic district.","2025-10-13 15:24:31","2025-10-13 15:24:31"
699,"Commerce Park","Commercial park with shops and offices.","2025-10-13 15:24:31","2025-10-13 15:24:31"
700,"Harbor Park","Industrial park near harbor.","2025-10-13 15:24:31","2025-10-13 15:24:31"
701,"Airport Park","Commercial and residential area near airport.","2025-10-13 15:24:31","2025-10-13 15:24:31"
702,"Tech Park East","East IT park district.","2025-10-13 15:24:31","2025-10-13 15:24:31"
703,"Tech Park West","West IT park district.","2025-10-13 15:24:31","2025-10-13 15:24:31"
704,"Industrial Lane East","East industrial street.","2025-10-13 15:24:31","2025-10-13 15:24:31"
705,"Industrial Lane West","West industrial street.","2025-10-13 15:24:31","2025-10-13 15:24:31"
706,"University Lane","Lane with colleges and hostels.","2025-10-13 15:24:31","2025-10-13 15:24:31"
707,"Old Town Lane","Lane in old town historic district.","2025-10-13 15:24:31","2025-10-13 15:24:31"
708,"Residential Lane East","East residential street.","2025-10-13 15:24:31","2025-10-13 15:24:31"
709,"Residential Lane West","West residential street.","2025-10-13 15:24:31","2025-10-13 15:24:31"
710,"Market Lane Central","Central market street.","2025-10-13 15:24:31","2025-10-13 15:24:31"
711,"Riverside Lane","Lane along the river.","2025-10-13 15:24:31","2025-10-13 15:24:31"
712,"Lakeside Lane","Lane along the lake.","2025-10-13 15:24:31","2025-10-13 15:24:31"
713,"Business Lane","Lane in business district.","2025-10-13 15:24:31","2025-10-13 15:24:31"
714,"Suburban Lane East","East suburban residential lane.","2025-10-13 15:24:31","2025-10-13 15:24:31"
715,"Suburban Lane West","West suburban residential lane.","2025-10-13 15:24:31","2025-10-13 15:24:31"
716,"Tech Lane East","East lane with tech companies.","2025-10-13 15:24:31","2025-10-13 15:24:31"
717,"Tech Lane West","West lane with tech companies.","2025-10-13 15:24:31","2025-10-13 15:24:31"
718,"Industrial Lane Central","Central industrial street.","2025-10-13 15:24:31","2025-10-13 15:24:31"
719,"Education Lane East","East street with schools and colleges.","2025-10-13 15:24:31","2025-10-13 15:24:31"
720,"Education Lane West","West street with schools and colleges.","2025-10-13 15:24:31","2025-10-13 15:24:31"
721,"Sports Lane East","East lane with sports facilities.","2025-10-13 15:24:31","2025-10-13 15:24:31"
722,"Sports Lane West","West lane with sports facilities.","2025-10-13 15:24:31","2025-10-13 15:24:31"
723,"North Zone","Residential and commercial area in the northern part of the city.","2025-10-13 15:24:56","2025-10-13 15:24:56"
724,"South Zone","Industrial and residential area with high population density.","2025-10-13 15:24:56","2025-10-13 15:24:56"
725,"East Zone","Primarily residential with some commercial hubs.","2025-10-13 15:24:56","2025-10-13 15:24:56"
726,"West Zone","Mixed-use area with markets and schools.","2025-10-13 15:24:56","2025-10-13 15:24:56"
727,"Central Zone","City center with offices, shops, and high traffic.","2025-10-13 15:24:56","2025-10-13 15:24:56"
728,Greenfield,"Newly developed residential area with parks.","2025-10-13 15:24:56","2025-10-13 15:24:56"
729,Riverside,"Area along the river with light industrial activity.","2025-10-13 15:24:56","2025-10-13 15:24:56"
730,Hilltop,"Residential area on elevated terrain.","2025-10-13 15:24:56","2025-10-13 15:24:56"
731,Lakeside,"Scenic area near the lake, mostly residential.","2025-10-13 15:24:56","2025-10-13 15:24:56"
732,"Old Town","Historic district with traditional markets.","2025-10-13 15:24:56","2025-10-13 15:24:56"
733,"Tech Park","IT and tech companies cluster with residential zones.","2025-10-13 15:24:56","2025-10-13 15:24:56"
734,"Airport Area","Zone surrounding the city airport with warehouses.","2025-10-13 15:24:56","2025-10-13 15:24:56"
735,Harbor,"Port area with commercial and industrial activity.","2025-10-13 15:24:56","2025-10-13 15:24:56"
736,"University District","Education-focused area with colleges and hostels.","2025-10-13 15:24:56","2025-10-13 15:24:56"
737,"Industrial Estate","Heavy industrial activity zone with factories.","2025-10-13 15:24:56","2025-10-13 15:24:56"
738,"Market Street","Commercial hub with shops and offices.","2025-10-13 15:24:56","2025-10-13 15:24:56"
739,"Residential East","Dense residential neighborhood with local markets.","2025-10-13 15:24:56","2025-10-13 15:24:56"
740,"Residential West","Residential area with schools and parks.","2025-10-13 15:24:56","2025-10-13 15:24:56"
741,"Suburban North","Suburban residential zone with low density.","2025-10-13 15:24:56","2025-10-13 15:24:56"
742,"Suburban South","Low-density residential area near highways.","2025-10-13 15:24:56","2025-10-13 15:24:56"
743,"Old Industrial","Old industrial units with some warehouses.","2025-10-13 15:24:56","2025-10-13 15:24:56"
744,"New Industrial","Modern industrial area with logistics centers.","2025-10-13 15:24:56","2025-10-13 15:24:56"
745,"Business Park","Corporate offices and co-working spaces.","2025-10-13 15:24:56","2025-10-13 15:24:56"
746,"Mall District","Area surrounding major shopping malls.","2025-10-13 15:24:56","2025-10-13 15:24:56"
747,"Sports Complex","Zone with stadiums, gyms, and recreational areas.","2025-10-13 15:24:56","2025-10-13 15:24:56"
748,"Medical Hub","Hospitals, clinics, and health centers concentrated here.","2025-10-13 15:24:56","2025-10-13 15:24:56"
749,"Cultural Zone","Museums, theaters, and cultural institutions.","2025-10-13 15:24:56","2025-10-13 15:24:56"
750,"Government Zone","Government offices and administrative buildings.","2025-10-13 15:24:56","2025-10-13 15:24:56"
751,"Transport Hub","Bus and train stations with associated markets.","2025-10-13 15:24:56","2025-10-13 15:24:56"
752,Waterfront,"Developed area along the waterfront with mixed use.","2025-10-13 15:24:56","2025-10-13 15:24:56"
753,"Education Zone","Schools, coaching centers, and universities.","2025-10-13 15:24:56","2025-10-13 15:24:56"
754,"Tech Village","Residential and tech startup area.","2025-10-13 15:24:56","2025-10-13 15:24:56"
755,"Eco Park","Environmentally protected zone with greenery.","2025-10-13 15:24:56","2025-10-13 15:24:56"
756,"Industrial North","Northern industrial belt with factories.","2025-10-13 15:24:56","2025-10-13 15:24:56"
757,"Industrial South","Southern industrial belt with warehouses.","2025-10-13 15:24:56","2025-10-13 15:24:56"
758,"Residential Heights","Uptown residential area with high-end apartments.","2025-10-13 15:24:56","2025-10-13 15:24:56"
759,"Commerce Street","Central commercial street with shops and offices.","2025-10-13 15:24:56","2025-10-13 15:24:56"
760,"Food Street","Popular area with restaurants and food markets.","2025-10-13 15:24:56","2025-10-13 15:24:56"
761,"Market Lane","Small commercial street with local businesses.","2025-10-13 15:24:56","2025-10-13 15:24:56"
762,"Green Lane","Residential area with green parks and playgrounds.","2025-10-13 15:24:56","2025-10-13 15:24:56"
763,Lakeview,"Apartments and villas with lake view.","2025-10-13 15:24:56","2025-10-13 15:24:56"
764,Riverbank,"Residential and commercial buildings near the river.","2025-10-13 15:24:56","2025-10-13 15:24:56"
765,"Harbor Road","Industrial and logistics corridor near harbor.","2025-10-13 15:24:56","2025-10-13 15:24:56"
766,"Airport Road","Commercial and residential development near airport.","2025-10-13 15:24:56","2025-10-13 15:24:56"
767,"Industrial Park","Cluster of manufacturing units and warehouses.","2025-10-13 15:24:56","2025-10-13 15:24:56"
768,"Tech Avenue","Street with IT companies and co-working spaces.","2025-10-13 15:24:56","2025-10-13 15:24:56"
769,"University Road","Area with colleges, hostels, and student facilities.","2025-10-13 15:24:56","2025-10-13 15:24:56"
770,"Historic Lane","Old town street with cultural significance.","2025-10-13 15:24:56","2025-10-13 15:24:56"
771,"Garden District","Residential area with parks and gardens.","2025-10-13 15:24:56","2025-10-13 15:24:56"
772,"Suburban Heights","Residential suburb with medium density.","2025-10-13 15:24:56","2025-10-13 15:24:56"
773,"Commerce Avenue","Business district with corporate offices.","2025-10-13 15:24:56","2025-10-13 15:24:56"
774,"Industrial Boulevard","Main road connecting industrial units.","2025-10-13 15:24:56","2025-10-13 15:24:56"
775,"Residential Square","Neighborhood square with residential buildings.","2025-10-13 15:24:56","2025-10-13 15:24:56"
776,"Central Park Area","Residential and recreational area around central park.","2025-10-13 15:24:56","2025-10-13 15:24:56"
777,"Market Plaza","Commercial plaza with shops and offices.","2025-10-13 15:24:56","2025-10-13 15:24:56"
778,"Harbor View","Industrial and residential buildings near harbor view.","2025-10-13 15:24:56","2025-10-13 15:24:56"
779,Lakefront,"Residential area along the lakefront.","2025-10-13 15:24:56","2025-10-13 15:24:56"
780,"Riverside Heights","Residential apartments with river view.","2025-10-13 15:24:56","2025-10-13 15:24:56"
781,"Tech Corridor","Street connecting multiple IT parks.","2025-10-13 15:24:56","2025-10-13 15:24:56"
782,"Industrial Lane","Street with factories and warehouses.","2025-10-13 15:24:56","2025-10-13 15:24:56"
783,"Business Square","Central square with offices and shops.","2025-10-13 15:24:56","2025-10-13 15:24:56"
784,"Residential Lane","Local residential street with houses.","2025-10-13 15:24:56","2025-10-13 15:24:56"
785,"Cultural Plaza","Theater and museum hub in city.","2025-10-13 15:24:56","2025-10-13 15:24:56"
786,"Medical Avenue","Hospitals and clinics concentrated along this street.","2025-10-13 15:24:56","2025-10-13 15:24:56"
787,"Education Street","Schools and coaching centers located here.","2025-10-13 15:24:56","2025-10-13 15:24:56"
788,"Sports Avenue","Stadiums, gyms, and sports facilities.","2025-10-13 15:24:56","2025-10-13 15:24:56"
789,"Old Market","Traditional market with shops.","2025-10-13 15:24:56","2025-10-13 15:24:56"
790,"Suburban Avenue","Residential suburb with schools and parks.","2025-10-13 15:24:56","2025-10-13 15:24:56"
791,"Green Park","Residential area with extensive green space.","2025-10-13 15:24:56","2025-10-13 15:24:56"
792,"Commerce Hub","Business and trade concentrated zone.","2025-10-13 15:24:56","2025-10-13 15:24:56"
793,"Harbor Lane","Road connecting industrial harbor facilities.","2025-10-13 15:24:56","2025-10-13 15:24:56"
794,"Airport Boulevard","Main boulevard near airport with commercial activity.","2025-10-13 15:24:56","2025-10-13 15:24:56"
795,"Tech Street","Street lined with IT companies and startups.","2025-10-13 15:24:56","2025-10-13 15:24:56"
796,"Industrial Road","Industrial units along main road.","2025-10-13 15:24:56","2025-10-13 15:24:56"
797,"University Square","Education district with colleges and hostels.","2025-10-13 15:24:56","2025-10-13 15:24:56"
798,"Historic Avenue","Historic street with old architecture.","2025-10-13 15:24:56","2025-10-13 15:24:56"
799,"Residential Park","Residential area with central park.","2025-10-13 15:24:56","2025-10-13 15:24:56"
800,"Market Street North","Commercial street in northern district.","2025-10-13 15:24:56","2025-10-13 15:24:56"
801,"Market Street South","Commercial street in southern district.","2025-10-13 15:24:56","2025-10-13 15:24:56"
802,"Riverside Park","Residential and recreational zone along river.","2025-10-13 15:24:56","2025-10-13 15:24:56"
803,"Lakeside Heights","Residential area near lake with high-end housing.","2025-10-13 15:24:56","2025-10-13 15:24:56"
804,"Business Boulevard","Main business street with offices.","2025-10-13 15:24:56","2025-10-13 15:24:56"
805,"Suburban Park","Residential suburb with green spaces.","2025-10-13 15:24:56","2025-10-13 15:24:56"
806,"Tech Plaza","IT and startup office complex.","2025-10-13 15:24:56","2025-10-13 15:24:56"
807,"Industrial Complex","Cluster of factories and warehouses.","2025-10-13 15:24:56","2025-10-13 15:24:56"
808,"Cultural Lane","Museums and cultural institutions street.","2025-10-13 15:24:56","2025-10-13 15:24:56"
809,"Medical Park","Hospitals and health clinics in park area.","2025-10-13 15:24:56","2025-10-13 15:24:56"
810,"Education Park","Schools and educational centers in park area.","2025-10-13 15:24:56","2025-10-13 15:24:56"
811,"Sports Lane","Stadiums, courts, and sports facilities.","2025-10-13 15:24:56","2025-10-13 15:24:56"
812,"Old Town Square","Central historic square in old town.","2025-10-13 15:24:56","2025-10-13 15:24:56"
813,Greenbelt,"Residential area with environmental protection zones.","2025-10-13 15:24:56","2025-10-13 15:24:56"
814,"Commerce Street East","East side commercial street.","2025-10-13 15:24:56","2025-10-13 15:24:56"
815,"Commerce Street West","West side commercial street.","2025-10-13 15:24:56","2025-10-13 15:24:56"
816,"Harbor Boulevard","Industrial harbor main road.","2025-10-13 15:24:56","2025-10-13 15:24:56"
817,"Airport Lane","Street connecting airport terminals.","2025-10-13 15:24:56","2025-10-13 15:24:56"
818,"Tech Hub","Main tech district in city.","2025-10-13 15:24:56","2025-10-13 15:24:56"
819,"Industrial Hub","Central industrial area with factories.","2025-10-13 15:24:56","2025-10-13 15:24:56"
820,"University Avenue","Main avenue with colleges and hostels.","2025-10-13 15:24:56","2025-10-13 15:24:56"
821,"Historic District","Preserved old city district.","2025-10-13 15:24:56","2025-10-13 15:24:56"
822,"Residential Heights East","East side residential high-rise area.","2025-10-13 15:24:56","2025-10-13 15:24:56"
823,"Residential Heights West","West side residential high-rise area.","2025-10-13 15:24:56","2025-10-13 15:24:56"
824,"Market Lane East","East side commercial lane.","2025-10-13 15:24:56","2025-10-13 15:24:56"
825,"Market Lane West","West side commercial lane.","2025-10-13 15:24:56","2025-10-13 15:24:56"
826,"Riverside Avenue","Residential and commercial street by river.","2025-10-13 15:24:56","2025-10-13 15:24:56"
827,"Lakeside Avenue","Residential and commercial street by lake.","2025-10-13 15:24:56","2025-10-13 15:24:56"
828,"Business Park East","East business park district.","2025-10-13 15:24:56","2025-10-13 15:24:56"
829,"Business Park West","West business park district.","2025-10-13 15:24:56","2025-10-13 15:24:56"
830,"Suburban Lane","Residential suburban street.","2025-10-13 15:24:56","2025-10-13 15:24:56"
831,"Tech Lane","Street with tech companies.","2025-10-13 15:24:56","2025-10-13 15:24:56"
832,"Industrial Avenue","Main avenue for industrial units.","2025-10-13 15:24:56","2025-10-13 15:24:56"
833,"Education Lane","Street with schools and colleges.","2025-10-13 15:24:56","2025-10-13 15:24:56"
834,"Sports Park","Sports facilities in park area.","2025-10-13 15:24:56","2025-10-13 15:24:56"
835,"Cultural Avenue","Cultural street with museums and theaters.","2025-10-13 15:24:56","2025-10-13 15:24:56"
836,"Medical Lane","Street with hospitals and clinics.","2025-10-13 15:24:56","2025-10-13 15:24:56"
837,Greenway,"Residential street with greenery.","2025-10-13 15:24:56","2025-10-13 15:24:56"
838,"Historic Park","Old town park area.","2025-10-13 15:24:56","2025-10-13 15:24:56"
839,"Commerce Circle","Circular commercial zone.","2025-10-13 15:24:56","2025-10-13 15:24:56"
840,"Harbor Circle","Industrial harbor circular street.","2025-10-13 15:24:56","2025-10-13 15:24:56"
841,"Airport Circle","Commercial area around airport circular road.","2025-10-13 15:24:56","2025-10-13 15:24:56"
842,"Tech Circle","Tech companies clustered in circular zone.","2025-10-13 15:24:56","2025-10-13 15:24:56"
843,"Industrial Circle","Industrial units in circular road.","2025-10-13 15:24:56","2025-10-13 15:24:56"
844,"University Circle","Education institutions circular zone.","2025-10-13 15:24:56","2025-10-13 15:24:56"
845,"Old Town Circle","Historic circular area in old town.","2025-10-13 15:24:56","2025-10-13 15:24:56"
846,"Residential Circle","Residential neighborhood circle.","2025-10-13 15:24:56","2025-10-13 15:24:56"
847,"Market Circle","Commercial market circle.","2025-10-13 15:24:56","2025-10-13 15:24:56"
848,"Riverside Circle","Residential and commercial circular street near river.","2025-10-13 15:24:56","2025-10-13 15:24:56"
849,"Lakeside Circle","Residential and commercial circular street near lake.","2025-10-13 15:24:56","2025-10-13 15:24:56"
850,"Business Circle","Business hub circular street.","2025-10-13 15:24:56","2025-10-13 15:24:56"
851,"Suburban Circle","Residential suburban circular area.","2025-10-13 15:24:56","2025-10-13 15:24:56"
852,"Tech Park Circle","IT park circular area.","2025-10-13 15:24:56","2025-10-13 15:24:56"
853,"Industrial Park Circle","Industrial park circular area.","2025-10-13 15:24:56","2025-10-13 15:24:56"
854,"Education Park Circle","School and college circular zone.","2025-10-13 15:24:56","2025-10-13 15:24:56"
855,"Sports Circle","Sports facilities circular area.","2025-10-13 15:24:56","2025-10-13 15:24:56"
856,"Cultural Park","Cultural park with museums and theaters.","2025-10-13 15:24:56","2025-10-13 15:24:56"
857,"Medical Circle","Hospitals and health clinics circular area.","2025-10-13 15:24:56","2025-10-13 15:24:56"
858,"Green Park Circle","Residential area with greenery in circular layout.","2025-10-13 15:24:56","2025-10-13 15:24:56"
859,"Historic Lane East","East lane in historic district.","2025-10-13 15:24:56","2025-10-13 15:24:56"
860,"Historic Lane West","West lane in historic district.","2025-10-13 15:24:56","2025-10-13 15:24:56"
861,"Commerce Park","Commercial park with shops and offices.","2025-10-13 15:24:56","2025-10-13 15:24:56"
862,"Harbor Park","Industrial park near harbor.","2025-10-13 15:24:56","2025-10-13 15:24:56"
863,"Airport Park","Commercial and residential area near airport.","2025-10-13 15:24:56","2025-10-13 15:24:56"
864,"Tech Park East","East IT park district.","2025-10-13 15:24:56","2025-10-13 15:24:56"
865,"Tech Park West","West IT park district.","2025-10-13 15:24:56","2025-10-13 15:24:56"
866,"Industrial Lane East","East industrial street.","2025-10-13 15:24:56","2025-10-13 15:24:56"
867,"Industrial Lane West","West industrial street.","2025-10-13 15:24:56","2025-10-13 15:24:56"
868,"University Lane","Lane with colleges and hostels.","2025-10-13 15:24:56","2025-10-13 15:24:56"
869,"Old Town Lane","Lane in old town historic district.","2025-10-13 15:24:56","2025-10-13 15:24:56"
870,"Residential Lane East","East residential street.","2025-10-13 15:24:56","2025-10-13 15:24:56"
871,"Residential Lane West","West residential street.","2025-10-13 15:24:56","2025-10-13 15:24:56"
872,"Market Lane Central","Central market street.","2025-10-13 15:24:56","2025-10-13 15:24:56"
873,"Riverside Lane","Lane along the river.","2025-10-13 15:24:56","2025-10-13 15:24:56"
874,"Lakeside Lane","Lane along the lake.","2025-10-13 15:24:56","2025-10-13 15:24:56"
875,"Business Lane","Lane in business district.","2025-10-13 15:24:56","2025-10-13 15:24:56"
876,"Suburban Lane East","East suburban residential lane.","2025-10-13 15:24:56","2025-10-13 15:24:56"
877,"Suburban Lane West","West suburban residential lane.","2025-10-13 15:24:56","2025-10-13 15:24:56"
878,"Tech Lane East","East lane with tech companies.","2025-10-13 15:24:56","2025-10-13 15:24:56"
879,"Tech Lane West","West lane with tech companies.","2025-10-13 15:24:56","2025-10-13 15:24:56"
880,"Industrial Lane Central","Central industrial street.","2025-10-13 15:24:56","2025-10-13 15:24:56"
881,"Education Lane East","East street with schools and colleges.","2025-10-13 15:24:56","2025-10-13 15:24:56"
882,"Education Lane West","West street with schools and colleges.","2025-10-13 15:24:56","2025-10-13 15:24:56"
883,"Sports Lane East","East lane with sports facilities.","2025-10-13 15:24:56","2025-10-13 15:24:56"
884,"Sports Lane West","West lane with sports facilities.","2025-10-13 15:24:56","2025-10-13 15:24:56"
885,"Innovation District","Area with research centers, tech startups, and labs.","2025-10-13 15:24:56","2025-10-13 15:24:56"
886,"Heritage Park","Preserved historic and cultural park area with monuments.","2025-10-13 15:24:56","2025-10-13 15:24:56"
